slurm_job_id,test_case,start_time,end_time,daos_commit,oclass,dir_oclass,num_servers,num_clients,ppc,notes,status,sw_time,n_file,chunk_size,bytes_read,bytes_write,tree_depth,create_kops,stat_kops,read_kops,remove_kops
3009527,mdtest_easy_1to4_2g1,2021-05-28 11:23:04,2021-05-28 11:27:54,47943ae,RP_2G1,RP_2GX,2,8,32,sw=30s,Pass,30,200000,1048576,0,0,,190.54,1042.86,2200.62,113.20
3009528,mdtest_easy_1to4_2g1,2021-05-28 13:27:16,2021-05-28 13:33:17,47943ae,RP_2G1,RP_2GX,4,16,32,sw=30s,Pass,30,200000,1048576,0,0,,378.70,1531.48,4418.56,105.22
3010784,mdtest_easy_1to4_3g1,2021-05-28 14:15:12,2021-05-28 14:24:48,47943ae,RP_3G1,RP_3GX,4,16,32,sw=30s,Pass,30,200000,1048576,0,0,,225.55,1319.79,3051.23,21.42
2992104,mdtest_easy_1to4_s1,2021-05-22 14:13:43,2021-05-22 14:21:15,47943ae,S1,SX,1,4,32,,Pass,60,300000,1048576,0,0,,484.71,752.28,1134.32,273.42
2990475,mdtest_easy_1to4_s1,2021-05-21 18:21:58,2021-05-21 18:29:59,47943ae,S1,SX,2,8,32,,Pass,60,300000,1048576,0,0,,934.14,1439.33,2175.72,528.71
2992024,mdtest_easy_1to4_s1,2021-05-22 13:12:19,2021-05-22 13:20:58,47943ae,S1,SX,4,16,32,,Pass,60,300000,1048576,0,0,,1792.43,2643.50,4058.85,1009.04
2991896,mdtest_easy_1to4_s1,2021-05-22 11:43:02,2021-05-22 11:53:22,47943ae,S1,SX,8,32,32,,Pass,60,300000,1048576,0,0,,3454.50,4556.33,6867.70,1855.18
2991898,mdtest_easy_c16_s1,2021-05-22 11:48:27,2021-05-22 11:56:18,47943ae,S1,SX,1,16,32,,Pass,60,200000,1048576,0,0,,451.81,653.15,960.05,250.19
2999307,mdtest_easy_c16_s1,2021-05-25 16:37:19,2021-05-25 16:40:18,47943ae,S1,SX,128,16,32,did not finish,Fail,60,1000000,1048576,0,0,,,,,
2999241,mdtest_easy_c16_s1,2021-05-25 16:06:27,2021-05-25 16:18:23,47943ae,S1,SX,16,16,32,,Pass,60,1000000,1048576,0,0,,5296.95,6789.08,10443.17,2962.92
2991899,mdtest_easy_c16_s1,2021-05-22 11:48:27,2021-05-22 11:56:31,47943ae,S1,SX,2,16,32,,Pass,60,200000,1048576,0,0,,923.97,1301.79,1968.98,502.77
2998628,mdtest_easy_c16_s1,2021-05-25 13:35:11,2021-05-25 13:48:46,47943ae,S1,SX,32,16,32,,Pass,60,1000000,1048576,0,0,,6889.04,7683.18,12063.81,3915.89
2999240,mdtest_easy_c16_s1,2021-05-25 16:05:17,2021-05-25 16:19:28,47943ae,S1,SX,64,16,32,,Pass,60,1000000,1048576,0,0,,7476.10,8051.20,12706.17,4517.68
2992025,mdtest_easy_c16_s1,2021-05-22 13:12:19,2021-05-22 13:21:06,47943ae,S1,SX,8,16,32,sw=50s,Pass,50,400000,1048576,0,0,,3263.01,4743.74,7256.51,1855.39
3010763,mdtest_hard_1to4_2g1,2021-05-28 14:07:22,2021-05-28 14:11:42,47943ae,RP_2G1,RP_2GX,2,8,32,sw=30s,Pass,30,200000,1048576,3901,3901,,69.10,710.90,236.18,117.59
3010762,mdtest_hard_1to4_2g1,2021-05-28 14:07:22,2021-05-28 14:12:22,47943ae,RP_2G1,RP_2GX,4,16,32,sw=30s,Pass,30,200000,1048576,3901,3901,,119.98,1377.63,428.50,81.72
3010785,mdtest_hard_1to4_3g1,2021-05-28 14:15:12,2021-05-28 14:20:24,47943ae,RP_3G1,RP_3GX,4,16,32,sw=30s,Pass,30,200000,1048576,3901,3901,,66.91,1025.09,415.09,27.75
2991961,mdtest_hard_1to4_s1,2021-05-22 12:26:55,2021-05-22 12:32:23,47943ae,S1,SX,1,4,32,,Pass,60,200000,1048576,3901,3901,,92.85,388.61,135.48,266.78
2991962,mdtest_hard_1to4_s1,2021-05-22 12:31:03,2021-05-22 12:36:56,47943ae,S1,SX,2,8,32,,Pass,60,200000,1048576,3901,3901,,170.79,614.48,232.03,507.75
2991959,mdtest_hard_1to4_s1,2021-05-22 12:31:03,2021-05-22 12:37:18,47943ae,S1,SX,4,16,32,,Pass,60,200000,1048576,3901,3901,,309.25,930.96,393.84,938.17
2991960,mdtest_hard_1to4_s1,2021-05-22 12:34:08,2021-05-22 12:41:06,47943ae,S1,SX,8,32,32,,Pass,60,200000,1048576,3901,3901,,573.63,1545.11,740.20,1695.52
2992080,mdtest_hard_c16_s1,2021-05-22 13:50:28,2021-05-22 13:57:11,47943ae,S1,SX,1,16,32,,Pass,60,200000,1048576,3901,3901,,59.23,350.69,128.13,235.62
2998693,mdtest_hard_c16_s1,2021-05-25 14:57:25,2021-05-25 15:04:54,47943ae,S1,SX,128,16,32,200000 sw hit,Warning,60,200000,1048576,3901,3901,,1586.36,7405.34,2559.27,4725.31
2998615,mdtest_hard_c16_s1,2021-05-25 11:42:29,2021-05-25 11:49:46,47943ae,S1,SX,16,16,32,,Pass,60,200000,1048576,3901,3901,,870.76,1938.87,1026.45,2808.35
2992081,mdtest_hard_c16_s1,2021-05-22 13:50:28,2021-05-22 13:56:43,47943ae,S1,SX,2,16,32,,Pass,60,200000,1048576,3901,3901,,175.97,596.13,240.95,478.43
2998500,mdtest_hard_c16_s1,2021-05-25 11:18:33,2021-05-25 11:26:02,47943ae,S1,SX,32,16,32,,Pass,60,200000,1048576,3901,3901,,1216.35,2850.61,1468.30,3821.44
2998614,mdtest_hard_c16_s1,2021-05-25 11:42:29,2021-05-25 11:49:50,47943ae,S1,SX,64,16,32,,Pass,60,200000,1048576,3901,3901,,1333.72,3967.59,1928.17,4365.96
2992082,mdtest_hard_c16_s1,2021-05-22 13:50:27,2021-05-22 13:57:09,47943ae,S1,SX,8,16,32,,Pass,60,200000,1048576,3901,3901,,534.27,1410.22,648.10,1744.92
3103820,mdtest_easy_1to4_s1,2021-06-15 15:36:23,2021-06-15 15:44:36,9fc56c0,S1,SX,1,4,32,,Pass,60,300000,1048576,0,0,0,454.27,709.49,1045.19,210.54
3103825,mdtest_easy_1to4_s1,2021-06-15 15:47:55,2021-06-15 15:56:16,9fc56c0,S1,SX,2,8,32,,Pass,60,300000,1048576,0,0,0,873.63,1398.03,2028.19,406.68
3103821,mdtest_easy_1to4_s1,2021-06-15 15:56:07,2021-06-15 16:05:31,9fc56c0,S1,SX,4,16,32,,Pass,60,300000,1048576,0,0,0,1719.14,2583.45,3773.39,758.49
3103819,mdtest_easy_1to4_s1,2021-06-15 18:09:09,2021-06-15 18:20:17,9fc56c0,S1,SX,8,32,32,,Pass,60,300000,1048576,0,0,0,3193.34,4382.72,5566.54,1391.84
3103823,mdtest_easy_c16_s1,2021-06-15 16:53:45,2021-06-15 17:02:01,9fc56c0,S1,SX,1,16,32,,Pass,60,1000000,1048576,0,0,0,429.88,615.63,860.94,216.89
3103827,mdtest_easy_c16_s1,2021-06-15 17:08:25,2021-06-15 17:16:57,9fc56c0,S1,SX,2,16,32,,Pass,60,1000000,1048576,0,0,0,857.86,1235.36,1758.69,400.74
3103828,mdtest_easy_c16_s1,2021-06-15 18:10:42,2021-06-15 18:20:17,9fc56c0,S1,SX,8,16,32,sw=50s,Pass,50,1000000,1048576,0,0,0,3195.90,4517.02,6756.01,1337.83
3103824,mdtest_easy_c16_s1,2021-06-15 18:13:52,2021-06-15 18:27:50,9fc56c0,S1,SX,16,16,32,,Pass,60,1000000,1048576,0,0,0,4975.75,5999.96,8869.76,1447.97
3103826,mdtest_easy_c16_s1,2021-06-15 18:09:09,2021-06-15 18:22:56,9fc56c0,S1,SX,32,16,32,,Pass,60,1000000,1048576,0,0,0,6068.03,6945.91,10969.42,2701.04
3103822,mdtest_easy_c16_s1,2021-06-15 18:09:09,2021-06-15 18:22:36,9fc56c0,S1,SX,64,16,32,,Pass,60,1000000,1048576,0,0,0,6587.52,7479.55,11938.71,3897.96
3105556,mdtest_hard_1to4_s1,2021-06-16 09:02:19,2021-06-16 09:08:33,9fc56c0,S1,SX,1,4,32,,Pass,60,200000,1048576,3901,3901,0/20,76.09,383.40,255.30,196.42
3105896,mdtest_hard_1to4_s1,2021-06-16 10:00:08,2021-06-16 10:06:35,9fc56c0,S1,SX,2,8,32,sw=50s,Pass,50,200000,1048576,3901,3901,0/20,140.19,627.98,402.80,378.58
3105898,mdtest_hard_1to4_s1,2021-06-16 10:07:21,2021-06-16 10:13:32,9fc56c0,S1,SX,4,16,32,sw=50s,Pass,50,200000,1048576,3901,3901,0/20,421.99,943.64,606.66,715.01
3105559,mdtest_hard_1to4_s1,2021-06-16 09:11:59,2021-06-16 09:19:59,9fc56c0,S1,SX,8,32,32,,Pass,60,200000,1048576,3901,3901,0/20,454.86,1564.16,1024.36,1381.70
3119233,mdtest_hard_c16_s1,2021-06-18 10:30:03,2021-06-18 10:35:12,9fc56c0,S1,SX,1,16,32,sw=40s,Pass,40,200000,1048576,3901,3901,0/20,129.82,353.88,226.37,229.22
3119070,mdtest_hard_c16_s1,2021-06-18 10:18:22,2021-06-18 10:25:50,9fc56c0,S1,SX,2,16,32,sw=50s,Pass,50,200000,1048576,3901,3901,0/20,98.29,597.98,386.62,403.79
3105561,mdtest_hard_c16_s1,2021-06-16 09:11:59,2021-06-16 09:19:08,9fc56c0,S1,SX,8,16,32,,Pass,60,200000,1048576,3901,3901,0/20,696.20,1351.93,868.48,1270.80
3105557,mdtest_hard_c16_s1,2021-06-16 09:09:34,2021-06-16 09:17:21,9fc56c0,S1,SX,16,16,32,,Pass,60,200000,1048576,3901,3901,0/20,1009.44,1926.83,1154.47,2491.50
3105562,mdtest_hard_c16_s1,2021-06-16 09:11:59,2021-06-16 09:20:05,9fc56c0,S1,SX,32,16,32,,Pass,60,200000,1048576,3901,3901,0/20,1392.99,2360.76,1523.29,3589.33
3105895,mdtest_hard_c16_s1,2021-06-16 10:16:32,2021-06-16 10:23:36,9fc56c0,S1,SX,64,16,32,sw=50s,Pass,50,200000,1048576,3901,3901,0/20,1570.06,3885.28,2066.30,4376.90
3283999,mdtest_easy,2021-07-15 11:21:20,2021-07-15 11:29:16,e1da9ff,S1,SX,1,16,16,32,,Pass,60,1000000,1048576,0,0,0,464.80,676.45,958.78,227.70
3284005,mdtest_easy,2021-07-15 10:51:01,2021-07-15 10:59:12,e1da9ff,S1,SX,1,16,4,32,,Pass,60,1000000,1048576,0,0,0,471.90,767.63,1177.84,205.55
3283990,mdtest_easy,2021-07-15 11:08:58,2021-07-15 11:17:26,e1da9ff,S1,SX,2,16,16,32,,Pass,60,1000000,1048576,0,0,0,899.27,1405.40,1994.62,425.87
3283996,mdtest_easy,2021-07-15 11:19:48,2021-07-15 11:28:03,e1da9ff,S1,SX,2,16,8,32,,Pass,60,1000000,1048576,0,0,0,904.21,1486.33,2285.41,390.91
3286346,mdtest_easy,2021-07-15 17:26:23,2021-07-15 17:31:06,e1da9ff,RP_2G1,RP_2GX,2,16,8,32,sw=30s,Pass,30,1000000,1048576,0,0,0,190.99,1090.01,2127.57,126.36
3326629,mdtest_easy,2021-07-22 18:13:52,2021-07-22 18:27:58,e1da9ff,S2,SX,3,16,12,32,,Pass,60,1000000,1M,0,0,0,1360.93,1625.33,3077.89,192.00
3326630,mdtest_easy,2021-07-22 18:13:52,2021-07-22 18:27:43,e1da9ff,S2,SX,3,16,16,32,,Pass,60,1000000,1M,0,0,0,1331.91,1589.30,2956.12,197.84
3326639,mdtest_easy,2021-07-22 18:34:11,2021-07-22 18:41:25,e1da9ff,EC_2P1G1,RP_2GX,3,16,12,32,,Pass,60,1000000,2M,0,0,0,277.14,1609.34,3183.79,121.52
3326642,mdtest_easy,2021-07-22 20:37:12,2021-07-22 20:44:54,e1da9ff,EC_2P1G1,RP_2GX,3,16,16,32,,Pass,60,1000000,2M,0,0,0,335.61,1696.86,3042.94,124.81
3284003,mdtest_easy,2021-07-15 11:50:46,2021-07-15 12:00:11,e1da9ff,S1,SX,4,16,16,32,,Pass,60,1000000,1048576,0,0,0,1772.22,2808.70,4319.27,742.38
3286348,mdtest_easy,2021-07-16 06:57:23,2021-07-16 07:02:10,e1da9ff,RP_3G1,RP_3GX,4,16,16,32,sw=30s,Pass,30,1000000,1048576,0,0,0,194.26,1114.68,3032.85,140.19
3326633,mdtest_easy,2021-07-22 18:38:29,2021-07-22 18:54:18,e1da9ff,S2,SX,6,16,24,32,,Pass,60,1000000,1M,0,0,0,2587.68,2983.15,5688.36,345.57
3326634,mdtest_easy,2021-07-22 18:13:52,2021-07-22 18:29:46,e1da9ff,S2,SX,6,16,16,32,,Pass,60,1000000,1M,0,0,0,2565.72,3076.05,5655.13,335.52
3326636,mdtest_easy,2021-07-22 18:56:46,2021-07-22 19:04:01,e1da9ff,EC_2P1G1,RP_2GX,6,16,16,32,,Pass,60,1000000,2M,0,0,0,472.89,2816.64,5907.40,212.94
3326638,mdtest_easy,2021-07-22 21:35:38,2021-07-22 21:43:02,e1da9ff,EC_2P1G1,RP_2GX,6,16,24,32,,Pass,60,1000000,2M,0,0,0,542.37,2900.20,5370.05,231.47
3346621,mdtest_easy,2021-07-27 12:48:27,2021-07-27 12:53:20,e1da9ff,EC_4P2G1,RP_3GX,6,16,24,32,sw=30s,Pass,30,1000000,4M,0,0,0,282.11,1255.62,5718.80,133.38
3346623,mdtest_easy,2021-07-27 12:48:27,2021-07-27 12:53:14,e1da9ff,EC_4P2G1,RP_3GX,6,16,16,32,sw=30s,Pass,30,1000000,4M,0,0,0,296.97,1579.02,5873.11,136.10
3346628,mdtest_easy,2021-07-27 12:48:27,2021-07-27 13:00:15,e1da9ff,S4,SX,6,16,16,32,sw=30s,Pass,30,1000000,1M,0,0,0,2591.99,2028.61,6092.76,207.47
3346632,mdtest_easy,2021-07-27 12:57:39,2021-07-27 13:09:33,e1da9ff,S4,SX,6,16,24,32,sw=30s,Pass,30,1000000,1M,0,0,0,2557.94,1942.76,6341.86,212.01
3283995,mdtest_easy,2021-07-15 11:29:01,2021-07-15 11:40:58,e1da9ff,S1,SX,8,16,16,32,,Pass,60,1000000,1048576,0,0,0,3270.34,4724.11,6864.38,984.39
3284002,mdtest_easy,2021-07-15 11:50:46,2021-07-15 12:01:58,e1da9ff,S1,SX,8,16,32,32,,Pass,60,1000000,1048576,0,0,0,3294.76,5014.34,7137.42,1356.29
3346638,mdtest_easy,2021-07-27 12:48:27,2021-07-27 13:04:51,e1da9ff,S8,SX,10,16,16,32,sw=30s,Pass,30,1000000,1M,0,0,0,3297.81,1839.66,7544.14,167.50
3346651,mdtest_easy,2021-07-27 13:29:31,2021-07-27 13:35:02,e1da9ff,EC_8P2G1,RP_3GX,10,16,16,32,sw=30s,Pass,30,1000000,8M,0,0,0,391.51,1725.73,7853.70,125.57
3326635,mdtest_easy,2021-07-22 18:47:38,2021-07-22 19:04:21,e1da9ff,S2,SX,12,16,16,32,,Pass,60,1000000,1M,0,0,0,4562.15,4992.48,8208.94,671.05
3326640,mdtest_easy,2021-07-22 21:46:20,2021-07-22 21:53:40,e1da9ff,EC_2P1G1,RP_2GX,12,16,16,32,,Pass,60,1000000,2M,0,0,0,866.64,4000.92,8958.40,409.59
3346620,mdtest_easy,2021-07-27 12:39:45,2021-07-27 12:44:38,e1da9ff,EC_4P2G1,RP_3GX,12,16,16,32,sw=30s,Pass,30,1000000,4M,0,0,0,582.06,2467.35,8889.67,263.87
3346630,mdtest_easy,2021-07-27 12:48:27,2021-07-27 12:59:47,e1da9ff,S4,SX,12,16,16,32,sw=30s,Pass,30,1000000,1M,0,0,0,4219.35,3697.97,9359.91,424.88
3283991,mdtest_easy,2021-07-15 11:31:57,2021-07-15 11:46:19,e1da9ff,S1,SX,16,16,16,32,,Pass,60,1000000,1048576,0,0,0,5279.53,6342.89,9093.26,1436.90
3326632,mdtest_easy,2021-07-22 18:34:11,2021-07-22 18:51:32,e1da9ff,S2,SX,18,16,16,32,,Pass,60,1000000,1M,0,0,0,5414.90,5397.32,10138.52,824.72
3326637,mdtest_easy,2021-07-22 19:01:18,2021-07-22 19:08:53,e1da9ff,EC_2P1G1,RP_2GX,18,16,16,32,,Pass,60,1000000,2M,0,0,0,1073.04,4428.36,10139.15,567.72
3346618,mdtest_easy,2021-07-27 12:30:59,2021-07-27 12:36:21,e1da9ff,EC_4P2G1,RP_3GX,18,16,16,32,sw=30s,Pass,30,1000000,4M,0,0,0,774.17,2719.08,9987.45,372.16
3346633,mdtest_easy,2021-07-27 13:09:31,2021-07-27 13:20:11,e1da9ff,S4,SX,18,16,16,32,sw=30s,Pass,30,1000000,1M,0,0,0,4889.73,4478.01,10391.47,636.44
3346644,mdtest_easy,2021-07-27 13:12:03,2021-07-27 13:20:05,e1da9ff,EC_16P2G1,RP_3GX,18,16,16,32,sw=30s,Pass,30,1000000,16M,0,0,0,769.11,2560.13,9543.73,105.83
3348434,mdtest_easy,2021-07-28 01:14:56,2021-07-28 01:41:04,e1da9ff,S16,SX,18,16,16,32,sw=30s,Pass,30,1000000,1M,0,0,0,4974.57,1540.46,9639.74,143.60
3346639,mdtest_easy,2021-07-27 13:09:31,2021-07-27 13:24:36,e1da9ff,S8,SX,20,16,16,32,sw=30s,Pass,30,1000000,1M,0,0,0,4843.94,3293.60,10260.74,315.00
3346649,mdtest_easy,2021-07-27 14:01:08,2021-07-27 14:07:17,e1da9ff,EC_8P2G1,RP_3GX,20,16,16,32,sw=30s,Pass,30,1000000,8M,0,0,0,820.24,2720.09,10152.13,237.20
3326631,mdtest_easy,2021-07-22 18:13:52,2021-07-22 18:31:37,e1da9ff,S2,SX,24,16,16,32,,Pass,60,1000000,1M,0,0,0,6217.49,6536.35,11323.17,1054.69
3326641,mdtest_easy,2021-07-22 22:04:20,2021-07-22 22:11:59,e1da9ff,EC_2P1G1,RP_2GX,24,16,16,32,,Pass,60,1000000,2M,0,0,0,1320.29,5077.69,11053.06,683.10
3346619,mdtest_easy,2021-07-27 12:35:23,2021-07-27 12:40:47,e1da9ff,EC_4P2G1,RP_3GX,24,16,16,32,sw=30s,Pass,30,1000000,4M,0,0,0,975.46,2946.34,11086.72,458.49
3346631,mdtest_easy,2021-07-27 12:48:27,2021-07-27 12:59:33,e1da9ff,S4,SX,24,16,16,32,sw=30s,Pass,30,1000000,1M,0,0,0,5589.24,5417.72,11239.60,689.98
3346637,mdtest_easy,2021-07-27 13:09:31,2021-07-27 13:23:09,e1da9ff,S8,SX,30,16,16,32,sw=30s,Pass,30,1000000,1M,0,0,0,5695.42,4133.88,11211.42,454.42
3346650,mdtest_easy,2021-07-27 21:26:57,2021-07-27 21:32:58,e1da9ff,EC_8P2G1,RP_3GX,30,16,16,32,sw=30s,Pass,30,1000000,8M,0,0,0,1028.33,3342.20,10580.55,341.41
3284004,mdtest_easy,2021-07-15 11:42:20,2021-07-15 11:57:32,e1da9ff,S1,SX,32,16,16,32,,Pass,60,1000000,1048576,0,0,0,6587.57,6882.72,10908.10,2173.62
3346622,mdtest_easy,2021-07-27 12:35:23,2021-07-27 12:40:52,e1da9ff,EC_4P2G1,RP_3GX,36,16,16,32,sw=30s,Pass,30,1000000,4M,0,0,0,1233.76,3826.49,11571.73,566.73
3346629,mdtest_easy,2021-07-27 12:35:23,2021-07-27 12:46:03,e1da9ff,S4,SX,36,16,16,32,sw=30s,Pass,30,1000000,1M,0,0,0,6207.59,5493.79,11650.86,924.10
3346645,mdtest_easy,2021-07-27 23:40:18,2021-07-27 23:48:00,e1da9ff,EC_16P2G1,RP_3GX,36,16,16,32,sw=30s,Pass,30,1000000,16M,0,0,0,1244.39,3983.81,10795.88,202.92
3348435,mdtest_easy,2021-07-28 01:14:56,2021-07-28 01:36:45,e1da9ff,S16,SX,36,16,16,32,sw=30s,Pass,30,1000000,1M,0,0,0,6055.32,2612.83,11126.09,227.80
3284001,mdtest_easy,2021-07-15 13:45:12,2021-07-15 13:59:32,e1da9ff,S1,SX,64,16,16,32,,Pass,60,1000000,1048576,0,0,0,6940.81,7040.09,11376.21,3441.44
3285944,mdtest_hard,2021-07-15 16:25:20,2021-07-15 16:29:55,e1da9ff,S1,SX,1,16,4,32,sw=40s,Pass,40,500000,1048576,3901,3901,0/20,146.18,406.58,266.17,279.28
3284960,mdtest_hard,2021-07-15 15:21:27,2021-07-15 15:28:44,e1da9ff,S1,SX,2,16,8,32,sw=50s,Pass,50,500000,1048576,3901,3901,0/20,100.14,641.34,425.17,360.29
3285945,mdtest_hard,2021-07-15 16:35:40,2021-07-15 16:41:00,e1da9ff,S1,SX,2,16,16,32,sw=40s,Pass,40,500000,1048576,3901,3901,0/20,248.72,631.01,412.15,484.33
3286347,mdtest_hard,2021-07-15 17:26:23,2021-07-15 17:30:42,e1da9ff,RP_2G1,RP_2GX,2,16,8,32,sw=30s,Pass,30,500000,1048576,3901,3901,0/20,89.82,729.61,505.74,121.85
3326824,mdtest_hard,2021-07-22 20:48:36,2021-07-22 20:54:42,e1da9ff,EC_2P1G1,RP_2GX,3,16,12,32,,Pass,60,1000000,2M,3901,3901,0/20,142.33,1071.87,615.64,128.26
3326829,mdtest_hard,2021-07-22 20:59:56,2021-07-22 21:06:11,e1da9ff,EC_2P1G1,RP_2GX,3,16,16,32,,Pass,60,1000000,2M,3901,3901,0/20,145.59,1028.48,610.20,125.11
3328147,mdtest_hard,2021-07-23 10:50:05,2021-07-23 10:56:50,e1da9ff,S2,SX,3,16,16,32,sw=50s,Pass,50,1000000,1M,3901,3901,0/20,346.11,680.02,534.04,254.16
3328148,mdtest_hard,2021-07-23 10:05:46,2021-07-23 10:13:14,e1da9ff,S2,SX,3,16,12,32,sw=50s,Pass,50,1000000,1M,3901,3901,0/20,207.04,684.71,535.37,248.14
3284962,mdtest_hard,2021-07-15 16:33:00,2021-07-15 16:39:34,e1da9ff,S1,SX,4,16,16,32,sw=50s,Pass,50,500000,1048576,3901,3901,0/20,450.83,970.29,636.72,687.24
3286349,mdtest_hard,2021-07-16 06:57:23,2021-07-16 07:01:44,e1da9ff,RP_3G1,RP_3GX,4,16,16,32,sw=30s,Pass,30,500000,1048576,3901,3901,0/20,104.62,1100.28,752.11,137.59
3326825,mdtest_hard,2021-07-22 21:49:38,2021-07-22 21:55:58,e1da9ff,EC_2P1G1,RP_2GX,6,16,16,32,,Pass,60,1000000,2M,3901,3901,0/20,251.98,1789.58,972.60,213.68
3326827,mdtest_hard,2021-07-22 22:59:22,2021-07-22 23:05:36,e1da9ff,EC_2P1G1,RP_2GX,6,16,24,32,,Pass,60,1000000,2M,3901,3901,0/20,249.42,1706.07,1004.36,215.25
3326831,mdtest_hard,2021-07-22 23:41:44,2021-07-22 23:51:02,e1da9ff,S2,SX,6,16,16,32,,Pass,60,1000000,1M,3901,3901,0/20,269.92,1046.82,794.56,446.36
3328149,mdtest_hard,2021-07-23 11:08:40,2021-07-23 11:15:44,e1da9ff,S2,SX,6,16,16,32,sw=50s,Pass,50,1000000,1M,3901,3901,0/20,604.05,1069.91,796.02,445.92
3346765,mdtest_hard,2021-07-27 17:49:42,2021-07-27 17:55:48,e1da9ff,S4,SX,6,16,24,32,sw=30s,Pass,30,1000000,1M,3901,3901,0/20,581.54,866.83,853.26,267.91
3346767,mdtest_hard,2021-07-27 12:57:40,2021-07-27 13:03:40,e1da9ff,S4,SX,6,16,16,32,sw=30s,Pass,30,1000000,1M,3901,3901,0/20,536.07,859.34,828.45,273.22
3346957,mdtest_hard,2021-07-28 00:02:35,2021-07-28 00:06:59,e1da9ff,EC_4P2G1,RP_3GX,6,16,24,32,sw=30s,Pass,30,1000000,4M,3901,3901,0/20,148.75,1677.36,1035.56,130.24
3346958,mdtest_hard,2021-07-27 14:13:30,2021-07-27 14:18:01,e1da9ff,EC_4P2G1,RP_3GX,6,16,16,32,sw=30s,Pass,30,1000000,4M,3901,3901,0/20,148.15,1749.80,1002.26,132.32
3284259,mdtest_hard,2021-07-15 14:08:48,2021-07-15 14:16:01,e1da9ff,S1,SX,8,16,16,32,,Pass,60,200000,1048576,3901,3901,0/20,736.72,1386.27,911.07,1163.73
3284958,mdtest_hard,2021-07-15 16:24:47,2021-07-15 16:31:36,e1da9ff,S1,SX,8,16,32,32,sw=50s,Pass,50,500000,1048576,3901,3901,0/20,771.66,1589.82,1073.53,1387.16
3346845,mdtest_hard,2021-07-27 17:08:42,2021-07-27 17:16:01,e1da9ff,S8,SX,10,16,16,32,sw=30s,Pass,30,1000000,1M,3901,3901,0/20,819.79,866.67,1067.85,193.58
3346945,mdtest_hard,2021-07-27 23:52:35,2021-07-27 23:57:36,e1da9ff,EC_8P2G1,RP_3GX,10,16,16,32,sw=30s,Pass,30,1000000,8M,3901,3901,0/20,230.14,2665.44,1225.59,126.31
3326828,mdtest_hard,2021-07-23 00:16:40,2021-07-23 00:22:23,e1da9ff,EC_2P1G1,RP_2GX,12,16,16,32,,Pass,60,1000000,2M,3901,3901,0/20,398.88,2829.26,1343.43,463.67
3326835,mdtest_hard,2021-07-23 01:22:08,2021-07-23 01:30:35,e1da9ff,S2,SX,12,16,16,32,,Pass,60,1000000,1M,3901,3901,0/20,932.05,1500.75,1068.68,721.04
3346954,mdtest_hard,2021-07-27 23:57:36,2021-07-28 00:01:57,e1da9ff,EC_4P2G1,RP_3GX,12,16,16,32,sw=30s,Pass,30,1000000,4M,3901,3901,0/20,260.40,3264.21,1263.43,248.83
3348436,mdtest_hard,2021-07-28 01:08:53,2021-07-28 01:14:58,e1da9ff,S4,SX,12,16,16,32,sw=30s,Pass,30,1000000,1M,3901,3901,0/20,918.31,1411.67,1111.62,496.99
3284264,mdtest_hard,2021-07-15 14:06:55,2021-07-15 14:14:47,e1da9ff,S1,SX,16,16,16,32,,Pass,60,200000,1048576,3901,3901,0/20,1070.36,1963.09,1210.40,2461.38
3326823,mdtest_hard,2021-07-23 00:05:41,2021-07-23 00:11:37,e1da9ff,EC_2P1G1,RP_2GX,18,16,16,32,,Pass,60,1000000,2M,3901,3901,0/20,492.75,3466.78,1519.60,629.17
3326836,mdtest_hard,2021-07-23 01:31:20,2021-07-23 01:40:09,e1da9ff,S2,SX,18,16,16,32,,Pass,60,1000000,1M,3901,3901,0/20,1100.45,1888.49,1246.66,908.66
3346763,mdtest_hard,2021-07-27 16:54:52,2021-07-27 17:01:17,e1da9ff,S4,SX,18,16,16,32,sw=30s,Pass,30,1000000,1M,3901,3901,0/20,1030.37,1702.81,1322.19,597.39
3346934,mdtest_hard,2021-07-27 20:46:11,2021-07-27 20:56:43,e1da9ff,S16,SX,18,16,16,32,sw=30s,Pass,30,1000000,1M,3901,3901,0/20,1102.31,928.08,1321.56,134.84
3346940,mdtest_hard,2021-07-28 00:17:59,2021-07-28 00:23:34,e1da9ff,EC_16P2G1,RP_3GX,18,16,16,32,sw=30s,Pass,30,1000000,16M,3901,3901,0/20,311.55,4369.52,1690.01,98.77
3346953,mdtest_hard,2021-07-28 00:26:32,2021-07-28 00:31:06,e1da9ff,EC_4P2G1,RP_3GX,18,16,16,32,sw=30s,Pass,30,1000000,4M,3901,3901,0/20,315.43,4451.79,1669.48,370.98
3346843,mdtest_hard,2021-07-28 00:03:49,2021-07-28 00:11:33,e1da9ff,S8,SX,20,16,16,32,sw=30s,Pass,30,1000000,1M,3901,3901,0/20,1079.78,1453.00,1394.29,347.36
3346944,mdtest_hard,2021-07-28 00:26:32,2021-07-28 00:31:16,e1da9ff,EC_8P2G1,RP_3GX,20,16,16,32,sw=30s,Pass,30,1000000,8M,3901,3901,0/20,331.02,4697.94,1799.82,252.92
3326826,mdtest_hard,2021-07-23 00:11:33,2021-07-23 00:17:35,e1da9ff,EC_2P1G1,RP_2GX,24,16,16,32,,Pass,60,1000000,2M,3901,3901,0/20,570.27,3492.16,1824.03,747.36
3326830,mdtest_hard,2021-07-23 00:22:05,2021-07-23 00:30:45,e1da9ff,S2,SX,24,16,16,32,,Pass,60,1000000,1M,3901,3901,0/20,1281.20,2225.79,1426.29,1129.17
3346766,mdtest_hard,2021-07-27 21:35:23,2021-07-27 21:41:33,e1da9ff,S4,SX,24,16,16,32,sw=30s,Pass,30,1000000,1M,3901,3901,0/20,1305.89,1852.02,1471.73,677.43
3346956,mdtest_hard,2021-07-28 00:33:10,2021-07-28 00:37:39,e1da9ff,EC_4P2G1,RP_3GX,24,16,16,32,sw=30s,Pass,30,1000000,4M,3901,3901,0/20,353.05,5499.04,2227.83,436.28
3346844,mdtest_hard,2021-07-28 00:17:59,2021-07-28 00:24:50,e1da9ff,S8,SX,30,16,16,32,sw=30s,Pass,30,1000000,1M,3901,3901,0/20,1264.34,2006.01,1616.55,460.90
3346946,mdtest_hard,2021-07-28 00:33:10,2021-07-28 00:37:49,e1da9ff,EC_8P2G1,RP_3GX,30,16,16,32,sw=30s,Pass,30,1000000,8M,3901,3901,0/20,376.97,5621.92,2548.09,350.05
3284261,mdtest_hard,2021-07-15 14:08:48,2021-07-15 14:16:56,e1da9ff,S1,SX,32,16,16,32,,Pass,60,200000,1048576,3901,3901,0/20,1366.53,2443.89,1540.30,3552.67
3346764,mdtest_hard,2021-07-28 00:10:14,2021-07-28 00:16:03,e1da9ff,S4,SX,36,16,16,32,sw=30s,Pass,30,1000000,1M,3901,3901,0/20,1326.97,2842.63,1846.17,874.05
3346933,mdtest_hard,2021-07-28 00:26:32,2021-07-28 00:35:08,e1da9ff,S16,SX,36,16,16,32,sw=30s,Pass,30,1000000,1M,3901,3901,0/20,1173.58,1715.58,1844.78,209.40
3346941,mdtest_hard,2021-07-28 00:26:32,2021-07-28 00:31:47,e1da9ff,EC_16P2G1,RP_3GX,36,16,16,32,sw=30s,Pass,30,1000000,16M,3901,3901,0/20,390.77,6133.95,2579.15,185.82
3346955,mdtest_hard,2021-07-28 00:33:10,2021-07-28 00:37:34,e1da9ff,EC_4P2G1,RP_3GX,36,16,16,32,sw=30s,Pass,30,1000000,4M,3901,3901,0/20,413.34,6259.97,2583.65,575.36
3284961,mdtest_hard,2021-07-15 17:23:16,2021-07-15 17:30:21,e1da9ff,S1,SX,64,16,16,32,sw=50s,Pass,50,500000,1048576,3901,3901,0/20,1537.76,3852.91,2068.62,3992.67
3382228,mdtest_easy,2021-08-04 12:30:17,2021-08-04 12:38:09,5996209,S1,SX,1,16,4,32,,Pass,60,1000000,1M,0,0,0,519.91,769.04,1193.50,222.67
3382244,mdtest_easy,2021-08-04 12:31:50,2021-08-04 12:40:04,5996209,S1,SX,1,16,16,32,,Pass,60,1000000,1M,0,0,0,483.91,712.89,1078.04,225.31
3382216,mdtest_easy,2021-08-04 12:31:50,2021-08-04 12:40:43,5996209,S1,SX,2,16,16,32,,Pass,60,1000000,1M,0,0,0,928.88,1420.48,2130.05,407.99
3382241,mdtest_easy,2021-08-04 12:31:50,2021-08-04 12:40:38,5996209,S1,SX,2,16,8,32,,Pass,60,1000000,1M,0,0,0,981.66,1508.36,2337.53,403.55
3382226,mdtest_easy,2021-08-04 12:31:50,2021-08-04 12:41:03,5996209,S1,SX,4,16,16,32,,Pass,60,1000000,1M,0,0,0,1838.36,2762.21,4372.25,770.91
3382240,mdtest_easy,2021-08-04 12:31:50,2021-08-04 12:41:59,5996209,S1,SX,8,16,32,32,,Pass,60,1000000,1M,0,0,0,3166.36,4941.87,7538.14,1513.46
3382249,mdtest_easy,2021-08-04 12:31:50,2021-08-04 12:41:02,5996209,S1,SX,8,16,16,32,,Pass,60,1000000,1M,0,0,0,3071.00,4915.71,7623.46,1487.44
3382218,mdtest_easy,2021-08-04 12:31:50,2021-08-04 12:42:09,5996209,S1,SX,16,16,16,32,,Pass,60,1000000,1M,0,0,0,4308.34,5017.44,9555.27,1957.37
3382233,mdtest_easy,2021-08-04 12:31:50,2021-08-04 12:42:37,5996209,S1,SX,32,16,16,32,,Pass,60,1000000,1M,0,0,0,6823.19,7264.68,11498.61,3933.09
3382242,mdtest_easy,2021-08-04 12:31:50,2021-08-04 12:41:25,5996209,S1,SX,64,16,16,32,,Pass,60,1000000,1M,0,0,0,4624.68,5539.94,11010.54,3732.09
3382224,mdtest_hard,2021-08-04 12:30:17,2021-08-04 12:35:01,5996209,S1,SX,1,16,4,32,sw=40s,Pass,40,200000,1M,3901,3901,0/20,146.13,406.05,269.94,306.66
3382250,mdtest_hard,2021-08-04 12:31:50,2021-08-04 12:37:28,5996209,S1,SX,1,16,16,32,sw=40s,Pass,40,200000,1M,3901,3901,0/20,140.34,374.63,238.46,276.12
3382225,mdtest_hard,2021-08-04 12:31:50,2021-08-04 12:37:28,5996209,S1,SX,2,16,16,32,sw=40s,Pass,40,200000,1M,3901,3901,0/20,254.32,609.83,414.52,543.49
3382235,mdtest_hard,2021-08-04 12:31:50,2021-08-04 12:36:53,5996209,S1,SX,2,16,8,32,sw=40s,Pass,40,200000,1M,3901,3901,0/20,257.16,643.05,423.66,584.75
3382232,mdtest_hard,2021-08-04 12:31:50,2021-08-04 12:37:50,5996209,S1,SX,4,16,16,32,sw=40s,Pass,40,200000,1M,3901,3901,0/20,434.05,965.94,644.21,1075.83
3382217,mdtest_hard,2021-08-04 12:31:50,2021-08-04 12:37:20,5996209,S1,SX,8,16,16,32,sw=40s,Pass,40,200000,1M,3901,3901,0/20,737.15,1361.87,903.72,1862.80
3382222,mdtest_hard,2021-08-04 12:31:50,2021-08-04 12:37:58,5996209,S1,SX,8,16,32,32,sw=40s,Pass,40,200000,1M,3901,3901,0/20,696.80,1587.21,1076.13,1965.94
3382248,mdtest_hard,2021-08-04 12:31:50,2021-08-04 12:37:28,5996209,S1,SX,16,16,16,32,sw=40s,Pass,40,200000,1M,3901,3901,0/20,795.80,2097.43,1243.08,2856.24
3382214,mdtest_hard,2021-08-04 12:31:50,2021-08-04 12:37:28,5996209,S1,SX,32,16,16,32,sw=40s,Pass,40,200000,1M,3901,3901,0/20,852.23,3054.68,1623.89,3110.09
3382221,mdtest_hard,2021-08-04 12:30:17,2021-08-04 12:35:59,5996209,S1,SX,64,16,16,32,sw=40s,Pass,40,200000,1M,3901,3901,0/20,1504.84,4359.56,2192.71,4357.75
3461645,mdtest_easy,2021-08-26 21:28:20,2021-08-26 21:35:30,0a73d3e,S1,SX,1,16,16,32,,Pass,60,1000000,1M,0,0,0,475.27,721.59,1069.20,285.39
3461650,mdtest_easy,2021-08-26 18:43:40,2021-08-26 18:50:29,0a73d3e,S1,SX,1,16,4,32,,Pass,60,1000000,1M,0,0,0,502.86,789.23,1188.08,302.02
3461636,mdtest_easy,2021-08-26 21:40:31,2021-08-26 21:47:36,0a73d3e,S1,SX,2,16,16,32,,Pass,60,1000000,1M,0,0,0,947.93,1433.32,2123.38,571.52
3461646,mdtest_easy,2021-08-26 19:30:32,2021-08-26 19:37:34,0a73d3e,S1,SX,2,16,8,32,,Pass,60,1000000,1M,0,0,0,969.87,1535.22,2310.26,589.72
3479578,mdtest_easy,2021-09-02 01:43:27,2021-09-02 01:47:51,0a73d3e,RP_2G1,RP_2GX,2,16,16,32,sw=30s,Pass,30,1000000,1M,0,0,0,181.37,852.72,2046.38,133.09
3479585,mdtest_easy,2021-09-01 19:10:36,2021-09-01 19:15:03,0a73d3e,RP_2G1,RP_2GX,2,16,8,32,sw=30s,Pass,30,1000000,1M,0,0,0,211.31,1045.12,2256.60,135.07
3471160,mdtest_easy,2021-08-30 19:02:04,2021-08-30 19:12:32,0a73d3e,S2,SX,3,16,16,32,,Pass,60,1000000,1M,0,0,0,1398.69,1587.20,3100.66,317.18
3471164,mdtest_easy,2021-08-30 20:09:07,2021-08-30 20:19:39,0a73d3e,S2,SX,3,16,12,32,,Pass,60,1000000,1M,0,0,0,1433.32,1655.56,3301.29,320.59
3471166,mdtest_easy,2021-08-30 20:22:44,2021-08-30 20:29:01,0a73d3e,EC_2P1G1,RP_2GX,3,16,12,32,,Pass,60,1000000,2M,0,0,0,239.86,1448.11,3276.95,132.03
3471169,mdtest_easy,2021-08-30 20:22:44,2021-08-30 20:29:06,0a73d3e,EC_2P1G1,RP_2GX,3,16,16,32,,Pass,60,1000000,2M,0,0,0,237.48,1413.43,3223.09,130.03
3461634,mdtest_easy,2021-08-26 21:12:32,2021-08-26 21:20:04,0a73d3e,S1,SX,4,16,16,32,,Pass,60,1000000,1M,0,0,0,1878.86,2886.46,4390.44,1129.95
3479564,mdtest_easy,2021-09-02 01:32:12,2021-09-02 01:36:32,0a73d3e,RP_3G1,RP_3GX,4,16,16,32,sw=30s,Pass,30,1000000,1M,0,0,0,186.99,1038.71,2993.97,139.52
3480694,mdtest_easy,2021-09-02 12:56:50,2021-09-02 13:00:35,0a73d3e,RP_2G1,RP_2GX,4,16,16,32,sw=20s,Pass,20,1000000,1M,0,0,0,284.16,1099.43,4333.50,223.28
3471159,mdtest_easy,2021-08-30 19:17:21,2021-08-30 19:28:28,0a73d3e,S2,SX,6,16,16,32,,Pass,60,1000000,1M,0,0,0,2692.60,3107.89,6112.39,578.57
3471165,mdtest_easy,2021-08-30 20:29:37,2021-08-30 20:41:04,0a73d3e,S2,SX,6,16,24,32,,Pass,60,1000000,1M,0,0,0,2683.54,3029.09,6195.90,579.93
3471171,mdtest_easy,2021-08-30 20:37:12,2021-08-30 20:43:56,0a73d3e,EC_2P1G1,RP_2GX,6,16,24,32,,Pass,60,1000000,2M,0,0,0,537.36,2497.90,6177.26,268.97
3471172,mdtest_easy,2021-08-30 20:22:44,2021-08-30 20:29:06,0a73d3e,EC_2P1G1,RP_2GX,6,16,16,32,,Pass,60,1000000,2M,0,0,0,441.26,2358.00,5931.98,251.57
3474124,mdtest_easy,2021-08-31 17:34:42,2021-08-31 17:39:35,0a73d3e,EC_4P2G1,RP_3GX,6,16,16,32,sw=30s,Pass,30,1000000,4M,0,0,0,354.87,1616.09,5881.64,140.04
3474132,mdtest_easy,2021-08-31 17:47:15,2021-08-31 17:51:50,0a73d3e,EC_4P2G1,RP_3GX,6,16,24,32,sw=30s,Pass,30,1000000,4M,0,0,0,272.36,1256.37,5408.98,129.25
3474243,mdtest_easy,2021-08-31 17:57:32,2021-08-31 18:06:45,0a73d3e,S4,SX,6,16,16,32,sw=30s,Pass,30,1000000,1M,0,0,0,2570.98,2080.11,5998.67,297.06
3474247,mdtest_easy,2021-08-31 18:24:49,2021-08-31 18:34:05,0a73d3e,S4,SX,6,16,24,32,sw=30s,Pass,30,1000000,1M,0,0,0,2548.93,2018.15,6313.44,286.39
3461647,mdtest_easy,2021-08-26 22:43:27,2021-08-26 22:51:45,0a73d3e,S1,SX,8,16,16,32,,Pass,60,1000000,1M,0,0,0,3420.88,4960.98,7571.89,2023.86
3461659,mdtest_easy,2021-08-26 23:25:28,2021-08-26 23:33:47,0a73d3e,S1,SX,8,16,32,32,,Pass,60,1000000,1M,0,0,0,3469.82,5077.92,7704.24,2110.03
3480685,mdtest_easy,2021-09-02 11:16:47,2021-09-02 11:20:39,0a73d3e,RP_2G1,RP_2GX,8,16,16,32,sw=20s,Pass,20,1000000,1M,0,0,0,616.90,1823.63,7424.21,447.02
3480692,mdtest_easy,2021-09-02 13:37:50,2021-09-02 13:42:04,0a73d3e,RP_2G1,RP_2GX,8,16,32,32,sw=20s,Pass,20,1000000,1M,0,0,0,566.87,1651.66,6839.17,457.31
3474182,mdtest_easy,2021-08-31 17:55:26,2021-08-31 18:01:18,0a73d3e,EC_8P2G1,RP_3GX,10,16,16,32,sw=30s,Pass,30,1000000,8M,0,0,0,494.89,1951.18,7680.00,127.70
3474228,mdtest_easy,2021-08-31 18:05:54,2021-08-31 18:19:45,0a73d3e,S8,SX,10,16,16,32,sw=30s,Pass,30,1000000,1M,0,0,0,3264.89,1859.73,7165.33,199.07
3471163,mdtest_easy,2021-08-30 19:26:21,2021-08-30 19:38:37,0a73d3e,S2,SX,12,16,16,32,,Pass,60,1000000,1M,0,0,0,4498.17,4969.49,9144.18,941.99
3471168,mdtest_easy,2021-08-30 20:22:44,2021-08-30 20:29:29,0a73d3e,EC_2P1G1,RP_2GX,12,16,16,32,,Pass,60,1000000,2M,0,0,0,867.98,4102.55,8897.94,468.89
3474136,mdtest_easy,2021-08-31 17:47:15,2021-08-31 17:51:55,0a73d3e,EC_4P2G1,RP_3GX,12,16,16,32,sw=30s,Pass,30,1000000,4M,0,0,0,558.68,1910.62,7520.71,258.80
3474238,mdtest_easy,2021-08-31 18:16:28,2021-08-31 18:25:06,0a73d3e,S4,SX,12,16,16,32,sw=30s,Pass,30,1000000,1M,0,0,0,3842.08,3756.08,9169.31,575.66
3461660,mdtest_easy,2021-08-26 23:23:45,2021-08-26 23:32:49,0a73d3e,S1,SX,16,16,16,32,,Pass,60,1000000,1M,0,0,0,5252.10,6505.53,10096.82,3094.27
3480693,mdtest_easy,2021-09-02 13:37:50,2021-09-02 13:42:04,0a73d3e,RP_2G1,RP_2GX,16,16,16,32,sw=20s,Pass,20,1000000,1M,0,0,0,909.11,2053.32,9894.51,676.19
3471161,mdtest_easy,2021-08-30 19:26:21,2021-08-30 19:39:08,0a73d3e,S2,SX,18,16,16,32,,Pass,60,1000000,1M,0,0,0,5204.71,5389.52,10204.22,1104.82
3471167,mdtest_easy,2021-08-30 20:37:12,2021-08-30 20:43:51,0a73d3e,EC_2P1G1,RP_2GX,18,16,16,32,,Pass,60,1000000,2M,0,0,0,1056.31,4348.22,10125.00,620.52
3474121,mdtest_easy,2021-08-31 17:34:42,2021-08-31 17:39:34,0a73d3e,EC_4P2G1,RP_3GX,18,16,16,32,sw=30s,Pass,30,1000000,4M,0,0,0,791.92,2566.31,9796.82,362.88
3474190,mdtest_easy,2021-08-31 17:57:32,2021-08-31 18:05:04,0a73d3e,EC_16P2G1,RP_3GX,18,16,16,32,sw=30s,Pass,30,1000000,16M,0,0,0,749.71,2229.93,9354.64,104.66
3474237,mdtest_easy,2021-08-31 18:16:28,2021-08-31 18:24:42,0a73d3e,S4,SX,18,16,16,32,sw=30s,Pass,30,1000000,1M,0,0,0,4062.54,4265.79,10213.39,757.82
3480599,mdtest_easy,2021-09-02 12:32:41,2021-09-02 12:49:41,0a73d3e,S16,SX,18,16,16,32,sw=20s,Pass,20,1000000,1M,0,0,0,4562.67,1656.75,9804.82,134.52
3474176,mdtest_easy,2021-08-31 17:49:29,2021-08-31 17:54:59,0a73d3e,EC_8P2G1,RP_3GX,20,16,16,32,sw=30s,Pass,30,1000000,8M,0,0,0,828.02,2601.81,10146.75,248.64
3474230,mdtest_easy,2021-08-31 18:16:28,2021-08-31 18:27:10,0a73d3e,S8,SX,20,16,16,32,sw=30s,Pass,30,1000000,1M,0,0,0,3879.08,3321.52,10216.52,369.79
3471162,mdtest_easy,2021-08-30 20:09:07,2021-08-30 20:22:17,0a73d3e,S2,SX,24,16,16,32,,Pass,60,1000000,1M,0,0,0,6184.23,6468.84,11193.00,1373.27
3471170,mdtest_easy,2021-08-30 20:22:45,2021-08-30 20:29:39,0a73d3e,EC_2P1G1,RP_2GX,24,16,16,32,,Pass,60,1000000,2M,0,0,0,1305.20,4919.15,9682.83,714.23
3474133,mdtest_easy,2021-08-31 17:47:15,2021-08-31 17:51:55,0a73d3e,EC_4P2G1,RP_3GX,24,16,16,32,sw=30s,Pass,30,1000000,4M,0,0,0,849.96,2503.48,9052.98,441.56
3474241,mdtest_easy,2021-08-31 18:16:28,2021-08-31 18:23:45,0a73d3e,S4,SX,24,16,16,32,sw=30s,Pass,30,1000000,1M,0,0,0,3889.83,5427.50,11172.56,825.31
3474185,mdtest_easy,2021-08-31 17:57:32,2021-08-31 18:02:54,0a73d3e,EC_8P2G1,RP_3GX,30,16,16,32,sw=30s,Pass,30,1000000,8M,0,0,0,985.67,2660.36,10913.11,344.45
3474225,mdtest_easy,2021-08-31 18:08:10,2021-08-31 18:17:56,0a73d3e,S8,SX,30,16,16,32,sw=30s,Pass,30,1000000,1M,0,0,0,3976.70,3428.32,11034.54,511.64
3461654,mdtest_easy,2021-08-27 00:07:02,2021-08-27 00:17:17,0a73d3e,S1,SX,32,16,16,32,,Pass,60,1000000,1M,0,0,0,6280.92,7245.33,11311.27,3951.55
3480688,mdtest_easy,2021-09-02 13:00:26,2021-09-02 13:04:23,0a73d3e,RP_2G1,RP_2GX,32,16,16,32,sw=20s,Pass,20,1000000,1M,0,0,0,1333.29,3368.09,10263.49,924.74
3474139,mdtest_easy,2021-08-31 17:34:42,2021-08-31 17:39:37,0a73d3e,EC_4P2G1,RP_3GX,36,16,16,32,sw=30s,Pass,30,1000000,4M,0,0,0,1202.04,3526.94,10497.85,561.11
3474189,mdtest_easy,2021-08-31 17:57:32,2021-08-31 18:04:44,0a73d3e,EC_16P2G1,RP_3GX,36,16,16,32,sw=30s,Pass,30,1000000,16M,0,0,0,1202.55,3981.30,10471.95,189.33
3474217,mdtest_easy,2021-08-31 18:08:10,2021-08-31 18:23:40,0a73d3e,S16,SX,36,16,16,32,sw=30s,Pass,30,1000000,1M,0,0,0,3892.40,2566.81,10874.67,213.75
3474245,mdtest_easy,2021-08-31 18:24:49,2021-08-31 18:33:33,0a73d3e,S4,SX,36,16,16,32,sw=30s,Pass,30,1000000,1M,0,0,0,6162.02,5548.74,11572.96,1000.07
3461649,mdtest_easy,2021-08-26 22:17:50,2021-08-26 22:27:59,0a73d3e,S1,SX,64,16,16,32,,Pass,60,1000000,1M,0,0,0,6884.41,7428.17,11738.79,4385.76
3480701,mdtest_easy,2021-09-02 13:37:50,2021-09-02 13:42:06,0a73d3e,RP_2G1,RP_2GX,64,16,16,32,sw=20s,Pass,20,1000000,1M,0,0,0,1426.01,3746.69,11702.97,1227.10
3461626,mdtest_hard,2021-08-26 18:46:13,2021-08-26 18:51:01,0a73d3e,S1,SX,1,16,16,32,sw=40s,Pass,40,200000,1M,3901,3901,0/20,140.48,374.69,239.65,282.07
3461663,mdtest_hard,2021-08-26 19:13:49,2021-08-26 19:18:14,0a73d3e,S1,SX,1,16,4,32,sw=40s,Pass,40,200000,1M,3901,3901,0/20,149.46,406.30,266.65,309.34
3461627,mdtest_hard,2021-08-26 20:47:58,2021-08-26 20:52:46,0a73d3e,S1,SX,2,16,16,32,sw=40s,Pass,40,200000,1M,3901,3901,0/20,235.78,610.38,403.84,541.29
3461641,mdtest_hard,2021-08-26 19:07:12,2021-08-26 19:11:47,0a73d3e,S1,SX,2,16,8,32,sw=40s,Pass,40,200000,1M,3901,3901,0/20,248.69,652.60,425.23,585.60
3479580,mdtest_hard,2021-09-02 01:45:41,2021-09-02 01:49:27,0a73d3e,RP_2G1,RP_2GX,2,16,16,32,sw=30s,Pass,30,200000,1M,3901,3901,0/20,73.47,649.71,455.96,122.36
3479584,mdtest_hard,2021-09-01 19:00:20,2021-09-01 19:04:04,0a73d3e,RP_2G1,RP_2GX,2,16,8,32,sw=30s,Pass,30,200000,1M,3901,3901,0/20,86.21,724.69,504.48,133.72
3471185,mdtest_hard,2021-08-30 20:22:44,2021-08-30 20:26:57,0a73d3e,EC_2P1G1,RP_2GX,3,16,12,32,sw=30s,Pass,30,200000,2M,3901,3901,0/20,124.42,941.57,644.48,146.12
3471188,mdtest_hard,2021-08-30 20:22:45,2021-08-30 20:26:57,0a73d3e,EC_2P1G1,RP_2GX,3,16,16,32,sw=30s,Pass,30,200000,2M,3901,3901,0/20,112.79,910.96,615.86,150.65
3471192,mdtest_hard,2021-08-30 20:22:45,2021-08-30 20:27:51,0a73d3e,S2,SX,3,16,16,32,sw=30s,Pass,30,200000,1M,3901,3901,0/20,334.40,677.51,538.89,292.88
3471194,mdtest_hard,2021-08-30 20:22:45,2021-08-30 20:27:43,0a73d3e,S2,SX,3,16,12,32,sw=30s,Pass,30,200000,1M,3901,3901,0/20,312.01,693.89,538.71,253.60
3461657,mdtest_hard,2021-08-26 21:29:56,2021-08-26 21:34:39,0a73d3e,S1,SX,4,16,16,32,sw=40s,Pass,40,200000,1M,3901,3901,0/20,428.09,970.42,654.27,1089.83
3479565,mdtest_hard,2021-09-02 01:33:18,2021-09-02 01:37:06,0a73d3e,RP_3G1,RP_3GX,4,16,16,32,sw=30s,Pass,30,200000,1M,3901,3901,0/20,89.11,1024.41,743.30,126.27
3480697,mdtest_hard,2021-09-02 13:37:50,2021-09-02 13:42:03,0a73d3e,RP_2G1,RP_2GX,4,16,16,32,sw=30s,Pass,30,200000,1M,3901,3901,0/20,158.50,1184.61,794.39,253.12
3471182,mdtest_hard,2021-08-30 20:22:44,2021-08-30 20:26:53,0a73d3e,EC_2P1G1,RP_2GX,6,16,16,32,sw=30s,Pass,30,200000,2M,3901,3901,0/20,190.82,1914.45,1068.84,264.11
3471184,mdtest_hard,2021-08-30 20:22:44,2021-08-30 20:26:58,0a73d3e,EC_2P1G1,RP_2GX,6,16,24,32,sw=30s,Pass,30,200000,2M,3901,3901,0/20,190.91,1673.49,1016.97,266.43
3471196,mdtest_hard,2021-08-30 20:22:45,2021-08-30 20:28:00,0a73d3e,S2,SX,6,16,16,32,sw=30s,Pass,30,200000,1M,3901,3901,0/20,532.65,1088.89,815.40,523.14
3471198,mdtest_hard,2021-08-30 20:22:45,2021-08-30 20:27:55,0a73d3e,S2,SX,6,16,24,32,sw=30s,Pass,30,200000,1M,3901,3901,0/20,523.45,1108.74,863.64,500.82
3474119,mdtest_hard,2021-08-31 17:34:42,2021-08-31 17:38:53,0a73d3e,EC_4P2G1,RP_3GX,6,16,24,32,sw=30s,Pass,30,200000,4M,3901,3901,0/20,114.86,1565.66,942.21,124.04
3474127,mdtest_hard,2021-08-31 17:34:42,2021-08-31 17:38:58,0a73d3e,EC_4P2G1,RP_3GX,6,16,16,32,sw=30s,Pass,30,200000,4M,3901,3901,0/20,136.34,1685.92,943.86,129.48
3474240,mdtest_hard,2021-08-31 17:55:26,2021-08-31 18:01:05,0a73d3e,S4,SX,6,16,16,32,sw=30s,Pass,30,200000,1M,3901,3901,0/20,561.13,864.38,814.27,285.52
3474246,mdtest_hard,2021-08-31 18:16:28,2021-08-31 18:22:08,0a73d3e,S4,SX,6,16,24,32,sw=30s,Pass,30,200000,1M,3901,3901,0/20,522.90,858.84,862.47,269.10
3461631,mdtest_hard,2021-08-26 21:29:56,2021-08-26 21:34:55,0a73d3e,S1,SX,8,16,32,32,sw=40s,Pass,40,200000,1M,3901,3901,0/20,701.66,1545.57,1093.04,1967.66
3461644,mdtest_hard,2021-08-26 22:10:16,2021-08-26 22:15:13,0a73d3e,S1,SX,8,16,16,32,sw=40s,Pass,40,200000,1M,3901,3901,0/20,714.56,1386.07,940.77,1945.73
3480695,mdtest_hard,2021-09-02 13:37:50,2021-09-02 13:42:00,0a73d3e,RP_2G1,RP_2GX,8,16,16,32,sw=30s,Pass,30,200000,1M,3901,3901,0/20,259.25,2377.76,1244.55,462.30
3480696,mdtest_hard,2021-09-02 13:37:50,2021-09-02 13:42:07,0a73d3e,RP_2G1,RP_2GX,8,16,32,32,sw=30s,Pass,30,200000,1M,3901,3901,0/20,261.20,2164.02,1318.49,485.42
3474183,mdtest_hard,2021-08-31 17:55:26,2021-08-31 17:59:41,0a73d3e,EC_8P2G1,RP_3GX,10,16,16,32,sw=30s,Pass,30,200000,8M,3901,3901,0/20,199.41,2463.99,1145.98,120.92
3474229,mdtest_hard,2021-08-31 18:16:28,2021-08-31 18:23:03,0a73d3e,S8,SX,10,16,16,32,sw=30s,Pass,30,200000,1M,3901,3901,0/20,684.80,905.82,1054.40,192.18
3471187,mdtest_hard,2021-08-30 20:22:45,2021-08-30 20:26:47,0a73d3e,EC_2P1G1,RP_2GX,12,16,16,32,sw=30s,Pass,30,200000,2M,3901,3901,0/20,275.96,3741.42,1299.44,504.83
3471197,mdtest_hard,2021-08-30 20:37:12,2021-08-30 20:42:18,0a73d3e,S2,SX,12,16,16,32,sw=30s,Pass,30,200000,1M,3901,3901,0/20,839.38,1700.08,1129.21,792.67
3474116,mdtest_hard,2021-08-31 17:32:14,2021-08-31 17:36:33,0a73d3e,EC_4P2G1,RP_3GX,12,16,16,32,sw=30s,Pass,30,200000,4M,3901,3901,0/20,226.47,3093.78,1290.53,251.53
3474239,mdtest_hard,2021-08-31 18:16:28,2021-08-31 18:21:41,0a73d3e,S4,SX,12,16,16,32,sw=30s,Pass,30,200000,1M,3901,3901,0/20,720.56,1334.87,1133.66,486.70
3461632,mdtest_hard,2021-08-26 21:17:28,2021-08-26 21:22:24,0a73d3e,S1,SX,16,16,16,32,sw=40s,Pass,40,200000,1M,3901,3901,0/20,1044.24,1827.55,1248.09,3079.12
3480686,mdtest_hard,2021-09-02 12:21:23,2021-09-02 12:25:18,0a73d3e,RP_2G1,RP_2GX,16,16,16,32,sw=30s,Pass,30,200000,1M,3901,3901,0/20,371.21,4700.59,1709.65,755.90
3471183,mdtest_hard,2021-08-30 20:22:44,2021-08-30 20:26:47,0a73d3e,EC_2P1G1,RP_2GX,18,16,16,32,sw=30s,Pass,30,200000,2M,3901,3901,0/20,320.71,4829.51,1610.48,646.68
3471193,mdtest_hard,2021-08-30 20:22:45,2021-08-30 20:27:55,0a73d3e,S2,SX,18,16,16,32,sw=30s,Pass,30,200000,1M,3901,3901,0/20,863.93,1886.20,1422.93,678.01
3474122,mdtest_hard,2021-08-31 17:34:42,2021-08-31 17:38:50,0a73d3e,EC_4P2G1,RP_3GX,18,16,16,32,sw=30s,Pass,30,200000,4M,3901,3901,0/20,271.83,3989.13,1974.55,360.32
3474193,mdtest_hard,2021-08-31 18:05:53,2021-08-31 18:10:46,0a73d3e,EC_16P2G1,RP_3GX,18,16,16,32,sw=30s,Pass,30,200000,16M,3901,3901,0/20,282.23,4149.81,2003.36,95.36
3474214,mdtest_hard,2021-08-31 18:05:54,2021-08-31 18:15:07,0a73d3e,S16,SX,18,16,16,32,sw=30s,Pass,30,200000,1M,3901,3901,0/20,1041.11,902.55,1308.91,128.72
3474242,mdtest_hard,2021-08-31 18:16:28,2021-08-31 18:21:13,0a73d3e,S4,SX,18,16,16,32,sw=30s,Pass,30,200000,1M,3901,3901,0/20,805.98,1883.29,1380.01,572.64
3474181,mdtest_hard,2021-08-31 17:55:26,2021-08-31 17:59:36,0a73d3e,EC_8P2G1,RP_3GX,20,16,16,32,sw=30s,Pass,30,200000,8M,3901,3901,0/20,295.15,4323.75,2125.67,244.07
3474226,mdtest_hard,2021-08-31 18:08:10,2021-08-31 18:13:45,0a73d3e,S8,SX,20,16,16,32,sw=30s,Pass,30,200000,1M,3901,3901,0/20,783.60,1525.28,1467.33,329.53
3471186,mdtest_hard,2021-08-30 20:22:45,2021-08-30 20:26:47,0a73d3e,EC_2P1G1,RP_2GX,24,16,16,32,sw=30s,Pass,30,200000,2M,3901,3901,0/20,355.87,5660.39,2197.79,780.05
3471195,mdtest_hard,2021-08-30 20:37:12,2021-08-30 20:42:23,0a73d3e,S2,SX,24,16,16,32,sw=30s,Pass,30,200000,1M,3901,3901,0/20,1193.23,2213.07,1549.63,1118.34
3474138,mdtest_hard,2021-08-31 17:47:15,2021-08-31 17:51:11,0a73d3e,EC_4P2G1,RP_3GX,24,16,16,32,sw=30s,Pass,30,200000,4M,3901,3901,0/20,269.35,2975.87,1601.70,447.71
3474244,mdtest_hard,2021-08-31 18:16:28,2021-08-31 18:21:07,0a73d3e,S4,SX,24,16,16,32,sw=30s,Pass,30,200000,1M,3901,3901,0/20,836.09,2391.31,1651.02,676.78
3474175,mdtest_hard,2021-08-31 17:47:15,2021-08-31 17:51:21,0a73d3e,EC_8P2G1,RP_3GX,30,16,16,32,sw=30s,Pass,30,200000,8M,3901,3901,0/20,290.24,4553.38,2237.70,334.57
3474227,mdtest_hard,2021-08-31 18:08:10,2021-08-31 18:13:50,0a73d3e,S8,SX,30,16,16,32,sw=30s,Pass,30,200000,1M,3901,3901,0/20,790.09,2186.21,1761.28,458.25
3461651,mdtest_hard,2021-08-26 23:58:15,2021-08-27 00:03:39,0a73d3e,S1,SX,32,16,16,32,sw=40s,Pass,40,200000,1M,3901,3901,0/20,1385.84,2493.77,1618.27,4043.53
3480690,mdtest_hard,2021-09-02 13:07:48,2021-09-02 13:11:34,0a73d3e,RP_2G1,RP_2GX,32,16,16,32,sw=30s,Pass,30,200000,1M,3901,3901,0/20,487.24,6356.55,2662.59,1115.24
3474123,mdtest_hard,2021-08-31 17:34:42,2021-08-31 17:38:45,0a73d3e,EC_4P2G1,RP_3GX,36,16,16,32,sw=30s,Pass,30,200000,4M,3901,3901,0/20,340.69,5818.60,2525.59,574.27
3474192,mdtest_hard,2021-08-31 18:05:53,2021-08-31 18:10:22,0a73d3e,EC_16P2G1,RP_3GX,36,16,16,32,sw=30s,Pass,30,200000,16M,3901,3901,0/20,320.71,5935.33,2544.73,180.73
3474215,mdtest_hard,2021-08-31 18:05:54,2021-08-31 18:13:20,0a73d3e,S16,SX,36,16,16,32,sw=30s,Pass,30,200000,1M,3901,3901,0/20,1078.91,1931.17,1997.93,201.60
3474236,mdtest_hard,2021-08-31 18:16:28,2021-08-31 18:21:02,0a73d3e,S4,SX,36,16,16,32,sw=30s,Pass,30,200000,1M,3901,3901,0/20,979.10,4519.71,2467.92,840.01
3461628,mdtest_hard,2021-08-26 21:29:56,2021-08-26 21:34:55,0a73d3e,S1,SX,64,16,16,32,sw=40s,Pass,40,200000,1M,3901,3901,0/20,1474.47,4654.62,2258.45,4557.63
3480689,mdtest_hard,2021-09-02 13:07:48,2021-09-02 13:11:38,0a73d3e,RP_2G1,RP_2GX,64,16,16,32,sw=30s,Pass,30,200000,1M,3901,3901,0/20,576.03,6892.73,2694.55,1571.96
3540173,mdtest_easy,2021-09-22 18:41:22,2021-09-22 18:48:39,6f497ed,S1,SX,1,16,16,32,,Pass,60,1000000,1M,0,0,0,461.52,723.36,1065.63,282.85
3540185,mdtest_easy,2021-09-22 18:41:22,2021-09-22 18:48:14,6f497ed,S1,SX,1,16,4,32,,Pass,60,1000000,1M,0,0,0,504.34,811.53,1220.63,306.39
3540171,mdtest_easy,2021-09-22 18:32:23,2021-09-22 18:39:39,6f497ed,S1,SX,2,16,16,32,,Pass,60,1000000,1M,0,0,0,914.09,1447.74,2104.79,573.92
3540187,mdtest_easy,2021-09-22 18:41:22,2021-09-22 18:48:39,6f497ed,S1,SX,2,16,8,32,,Pass,60,1000000,1M,0,0,0,981.58,1536.83,2318.57,592.38
3546122,mdtest_easy,2021-09-24 15:26:33,2021-09-24 15:32:47,6f497ed,RP_2G1,RP_2GX,2,16,8,32,,Pass,60,1000000,1M,0,0,0,214.85,1186.49,2241.80,132.84
3546135,mdtest_easy,2021-09-24 17:14:38,2021-09-24 17:20:31,6f497ed,RP_2G1,RP_2GX,2,16,16,32,,Pass,60,1000000,1M,0,0,0,198.93,1159.42,2065.69,123.64
3553725,mdtest_easy,2021-09-27 11:45:50,2021-09-27 11:50:35,6f497ed,EC_2P1G1,RP_2GX,3,16,16,32,sw=30s,Pass,30,1000000,2M,0,0,0,287.47,1154.42,3303.15,146.39
3553738,mdtest_easy,2021-09-27 19:11:27,2021-09-27 19:17:53,6f497ed,S2,SX,3,16,16,32,sw=30s,Pass,30,1000000,1M,0,0,0,1328.70,1655.27,3335.79,314.48
3553739,mdtest_easy,2021-09-27 11:24:09,2021-09-27 11:30:49,6f497ed,S2,SX,3,16,12,32,sw=30s,Pass,30,1000000,1M,0,0,0,1393.03,1705.82,3427.40,318.89
3553756,mdtest_easy,2021-09-27 18:09:01,2021-09-27 18:13:48,6f497ed,EC_2P1G1,RP_2GX,3,16,12,32,sw=30s,Pass,30,1000000,2M,0,0,0,282.21,1105.21,3335.82,148.38
3540199,mdtest_easy,2021-09-22 18:41:24,2021-09-22 18:48:57,6f497ed,S1,SX,4,16,16,32,,Pass,60,1000000,1M,0,0,0,1853.94,2884.97,4363.32,1125.52
3546128,mdtest_easy,2021-09-24 18:04:18,2021-09-24 18:10:30,6f497ed,RP_2G1,RP_2GX,4,16,16,32,,Pass,60,1000000,1M,0,0,0,412.46,2001.01,4251.93,258.95
3546160,mdtest_easy,2021-09-25 03:28:15,2021-09-25 03:33:56,6f497ed,RP_3G1,RP_3GX,4,16,16,32,,Pass,60,1000000,1M,0,0,0,201.28,1430.89,3210.58,136.72
3553730,mdtest_easy,2021-09-27 11:27:22,2021-09-27 11:36:08,6f497ed,S4,SX,6,16,12,32,sw=30s,Pass,30,1000000,1M,0,0,0,2489.57,2182.89,5814.13,308.49
3553731,mdtest_easy,2021-09-27 18:17:03,2021-09-27 18:21:53,6f497ed,EC_4P2G1,RP_3GX,6,16,12,32,sw=30s,Pass,30,1000000,4M,0,0,0,291.76,1418.03,5646.81,131.75
3553733,mdtest_easy,2021-09-27 18:40:23,2021-09-27 18:44:43,6f497ed,EC_2P1G1,RP_2GX,6,16,12,32,sw=30s,Pass,30,1000000,2M,0,0,0,410.62,1618.68,5603.63,251.66
3553744,mdtest_easy,2021-09-27 19:13:26,2021-09-27 19:20:18,6f497ed,S2,SX,6,16,12,32,sw=30s,Pass,30,1000000,1M,0,0,0,2460.19,3099.11,5890.47,553.02
3553751,mdtest_easy,2021-09-27 19:38:42,2021-09-27 19:43:25,6f497ed,EC_4P2G1,RP_3GX,6,16,16,32,sw=30s,Pass,30,1000000,4M,0,0,0,256.22,1422.74,5676.94,127.71
3553753,mdtest_easy,2021-09-27 19:45:58,2021-09-27 19:51:09,6f497ed,EC_2P1G1,RP_2GX,6,16,16,32,sw=30s,Pass,30,1000000,2M,0,0,0,408.36,1581.80,6019.64,247.97
3553754,mdtest_easy,2021-09-27 19:45:58,2021-09-27 19:53:24,6f497ed,S2,SX,6,16,16,32,sw=30s,Pass,30,1000000,1M,0,0,0,2534.90,3201.22,6285.67,567.80
3553759,mdtest_easy,2021-09-27 19:47:53,2021-09-27 19:56:59,6f497ed,S4,SX,6,16,16,32,sw=30s,Pass,30,1000000,1M,0,0,0,2519.62,2170.72,6225.65,300.82
3540189,mdtest_easy,2021-09-22 18:50:43,2021-09-22 18:58:57,6f497ed,S1,SX,8,16,16,32,,Pass,60,1000000,1M,0,0,0,3349.37,4865.51,7429.02,2004.88
3540191,mdtest_easy,2021-09-22 18:50:43,2021-09-22 18:59:05,6f497ed,S1,SX,8,16,32,32,,Pass,60,1000000,1M,0,0,0,3248.85,4964.09,7540.19,2105.61
3546120,mdtest_easy,2021-09-24 18:11:11,2021-09-24 18:17:27,6f497ed,RP_2G1,RP_2GX,8,16,32,32,,Pass,60,1000000,1M,0,0,0,618.88,2946.86,7557.19,419.24
3546136,mdtest_easy,2021-09-25 03:11:11,2021-09-25 03:17:20,6f497ed,RP_2G1,RP_2GX,8,16,16,32,,Pass,60,1000000,1M,0,0,0,662.50,2970.59,7322.90,434.79
3546138,mdtest_easy,2021-09-25 03:11:11,2021-09-25 03:17:03,6f497ed,RP_3G1,RP_3GX,8,16,16,32,,Pass,60,1000000,1M,0,0,0,385.00,2327.76,6207.06,262.54
3546150,mdtest_easy,2021-09-25 03:45:35,2021-09-25 03:51:36,6f497ed,RP_3G1,RP_3GX,8,16,32,32,,Pass,60,1000000,1M,0,0,0,317.20,1868.27,5277.81,231.07
3553729,mdtest_easy,2021-09-27 19:17:06,2021-09-27 19:30:25,6f497ed,S8,SX,10,16,16,32,sw=30s,Pass,30,1000000,1M,0,0,0,3240.80,2006.03,7794.59,200.88
3553749,mdtest_easy,2021-09-27 19:26:22,,6f497ed,EC_8P2G1,RP_3GX,10,16,16,32,"did not finish,sw=30s",Fail,30,1000000,8M,0,0,0,,,,
3553735,mdtest_easy,2021-09-27 19:30:01,2021-09-27 19:37:16,6f497ed,S2,SX,12,16,16,32,sw=30s,Pass,30,1000000,1M,0,0,0,4245.07,5251.41,9512.71,908.73
3553741,mdtest_easy,2021-09-27 19:30:01,2021-09-27 19:35:00,6f497ed,EC_4P2G1,RP_3GX,12,16,16,32,sw=30s,Pass,30,1000000,4M,0,0,0,595.83,2047.20,9036.39,264.30
3553748,mdtest_easy,2021-09-27 19:30:01,2021-09-27 19:34:47,6f497ed,EC_2P1G1,RP_2GX,12,16,16,32,sw=30s,Pass,30,1000000,2M,0,0,0,829.49,2188.31,9234.85,482.23
3553750,mdtest_easy,2021-09-27 19:35:13,2021-09-27 19:44:03,6f497ed,S4,SX,12,16,16,32,sw=30s,Pass,30,1000000,1M,0,0,0,4124.12,3903.79,9451.93,575.59
3540193,mdtest_easy,2021-09-22 18:41:24,2021-09-22 18:50:35,6f497ed,S1,SX,16,16,16,32,,Pass,60,1000000,1M,0,0,0,4971.13,6419.72,9984.54,3091.03
3546131,mdtest_easy,2021-09-25 02:40:35,2021-09-25 02:46:30,6f497ed,RP_3G1,RP_3GX,16,16,16,32,,Pass,60,1000000,1M,0,0,0,602.37,2797.79,9305.81,442.95
3546162,mdtest_easy,2021-09-25 04:27:53,2021-09-25 04:34:14,6f497ed,RP_2G1,RP_2GX,16,16,16,32,,Pass,60,1000000,1M,0,0,0,1030.34,3985.95,9958.10,670.65
3553726,mdtest_easy,2021-09-27 19:22:46,2021-09-27 19:30:17,6f497ed,S2,SX,18,16,16,32,sw=30s,Pass,30,1000000,1M,0,0,0,5026.04,4875.42,10597.71,1087.26
3553727,mdtest_easy,2021-09-27 19:24:35,,6f497ed,S16,SX,18,16,16,32,"did not finish,sw=30s",Fail,30,1000000,1M,0,0,0,,,,
3553732,mdtest_easy,2021-09-27 19:28:09,2021-09-27 19:36:47,6f497ed,S4,SX,18,16,16,32,sw=30s,Pass,30,1000000,1M,0,0,0,4874.19,4554.92,10542.99,765.76
3553737,mdtest_easy,2021-09-27 19:26:22,2021-09-27 19:31:13,6f497ed,EC_2P1G1,RP_2GX,18,16,16,32,sw=30s,Pass,30,1000000,2M,0,0,0,1003.58,2653.47,10364.49,605.13
3553746,mdtest_easy,2021-09-27 19:38:42,2021-09-27 19:41:18,6f497ed,EC_4P2G1,RP_3GX,18,16,16,32,"did not finish,sw=30s",Fail,30,1000000,4M,0,0,0,,,,
3553747,mdtest_easy,2021-09-27 19:38:42,2021-09-27 19:46:13,6f497ed,EC_16P2G1,RP_3GX,18,16,16,32,sw=30s,Pass,30,1000000,16M,0,0,0,726.47,2599.12,9542.17,102.35
3553736,mdtest_easy,2021-09-27 19:30:01,2021-09-27 19:42:21,6f497ed,S8,SX,20,16,16,32,sw=30s,Pass,30,1000000,1M,0,0,0,4860.14,3499.11,10447.54,376.64
3553742,mdtest_easy,2021-09-27 19:33:30,2021-09-27 19:39:03,6f497ed,EC_8P2G1,RP_3GX,20,16,16,32,sw=30s,Pass,30,1000000,8M,0,0,0,836.42,2677.09,10156.94,247.51
3553728,mdtest_easy,2021-09-27 19:24:35,2021-09-27 19:33:24,6f497ed,S4,SX,24,16,16,32,sw=30s,Pass,30,1000000,1M,0,0,0,5549.78,5641.42,11319.01,896.92
3553745,mdtest_easy,2021-09-27 19:35:13,2021-09-27 19:40:18,6f497ed,EC_4P2G1,RP_3GX,24,16,16,32,sw=30s,Pass,30,1000000,4M,0,0,0,989.00,2589.06,11044.26,452.48
3553752,mdtest_easy,2021-09-27 19:45:58,2021-09-27 19:53:57,6f497ed,S2,SX,24,16,16,32,sw=30s,Pass,30,1000000,1M,0,0,0,5323.10,6718.35,11420.29,1223.26
3553755,mdtest_easy,2021-09-27 19:45:58,2021-09-27 19:51:24,6f497ed,EC_2P1G1,RP_2GX,24,16,16,32,sw=30s,Pass,30,1000000,2M,0,0,0,1195.58,3632.06,11150.85,723.66
3553734,mdtest_easy,2021-09-27 19:26:22,,6f497ed,S8,SX,30,16,16,32,"did not finish,sw=30s",Fail,30,1000000,1M,0,0,0,,,,
3553760,mdtest_easy,2021-09-27 19:47:53,2021-09-27 19:53:24,6f497ed,EC_8P2G1,RP_3GX,30,16,16,32,sw=30s,Pass,30,1000000,8M,0,0,0,1011.03,2521.47,10958.57,338.41
3540203,mdtest_easy,2021-09-22 18:50:43,2021-09-22 19:00:41,6f497ed,S1,SX,32,16,16,32,,Pass,60,1000000,1M,0,0,0,6446.78,7373.61,11505.32,3969.77
3546154,mdtest_easy,2021-09-25 05:41:01,2021-09-25 05:47:04,6f497ed,RP_3G1,RP_3GX,32,16,16,32,,Pass,60,1000000,1M,0,0,0,1069.88,4493.75,11173.56,723.28
3546161,mdtest_easy,2021-09-25 05:58:24,2021-09-25 06:04:48,6f497ed,RP_2G1,RP_2GX,32,16,16,32,,Pass,60,1000000,1M,0,0,0,1532.75,5536.22,11414.84,977.43
3553740,mdtest_easy,2021-09-27 19:26:22,,6f497ed,S16,SX,36,16,16,32,"did not finish,sw=30s",Fail,30,1000000,1M,0,0,0,,,,
3553743,mdtest_easy,2021-09-27 19:33:30,2021-09-27 19:38:40,6f497ed,EC_4P2G1,RP_3GX,36,16,16,32,sw=30s,Pass,30,1000000,4M,0,0,0,1237.60,3362.45,11458.90,564.18
3553757,mdtest_easy,2021-09-27 19:45:58,2021-09-27 19:54:55,6f497ed,S4,SX,36,16,16,32,sw=30s,Pass,30,1000000,1M,0,0,0,5572.19,5738.57,11798.93,1002.77
3553758,mdtest_easy,2021-09-27 19:47:53,2021-09-27 19:55:18,6f497ed,EC_16P2G1,RP_3GX,36,16,16,32,sw=30s,Pass,30,1000000,16M,0,0,0,1244.13,3834.12,10871.08,188.88
3540201,mdtest_easy,2021-09-22 18:43:47,2021-09-22 18:53:55,6f497ed,S1,SX,64,16,16,32,,Pass,60,1000000,1M,0,0,0,6468.09,6703.81,10974.76,4202.43
3546149,mdtest_easy,2021-09-25 07:22:25,2021-09-25 07:29:37,6f497ed,RP_2G1,RP_2GX,64,16,16,32,,Pass,60,1000000,1M,0,0,0,2134.41,6188.87,11740.93,1278.09
3546156,mdtest_easy,2021-09-25 07:31:34,2021-09-25 07:38:26,6f497ed,RP_3G1,RP_3GX,64,16,16,32,,Pass,60,1000000,1M,0,0,0,1597.50,4597.69,11135.25,963.75
3542391,mdtest_hard,2021-09-23 11:13:21,2021-09-23 11:17:46,6f497ed,S1,SX,1,16,16,32,sw=30s,Pass,30,200000,1M,3901,3901,0/20,183.83,424.32,324.94,279.77
3542397,mdtest_hard,2021-09-23 10:58:21,2021-09-23 11:02:34,6f497ed,S1,SX,1,16,4,32,sw=30s,Pass,30,200000,1M,3901,3901,0/20,192.81,484.00,374.28,299.07
3542395,mdtest_hard,2021-09-23 11:05:42,2021-09-23 11:09:58,6f497ed,S1,SX,2,16,8,32,sw=30s,Pass,30,200000,1M,3901,3901,0/20,365.64,916.91,705.74,582.57
3542396,mdtest_hard,2021-09-23 11:27:55,2021-09-23 11:32:17,6f497ed,S1,SX,2,16,16,32,sw=30s,Pass,30,200000,1M,3901,3901,0/20,333.04,822.89,621.03,549.25
3546168,mdtest_hard,2021-09-25 04:53:17,2021-09-25 04:58:23,6f497ed,RP_2G1,RP_2GX,2,16,16,32,,Pass,60,200000,1M,3901,3901,0/20,98.74,873.53,588.68,130.57
3546174,mdtest_hard,2021-09-24 16:41:14,2021-09-24 16:46:12,6f497ed,RP_2G1,RP_2GX,2,16,8,32,,Pass,60,200000,1M,3901,3901,0/20,100.17,960.51,658.49,129.64
3554070,mdtest_hard,2021-09-27 18:44:08,2021-09-27 18:49:09,6f497ed,S2,SX,3,16,12,32,sw=30s,Pass,30,1000000,1M,3901,3901,0/20,499.15,935.49,924.40,282.95
3554083,mdtest_hard,2021-09-27 18:52:07,2021-09-27 18:56:14,6f497ed,EC_2P1G1,RP_2GX,3,16,12,32,sw=30s,Pass,30,1000000,2M,3901,3901,0/20,99.34,1087.64,858.17,129.24
3554095,mdtest_hard,2021-09-27 20:28:10,2021-09-27 20:33:20,6f497ed,S2,SX,3,16,16,32,sw=30s,Pass,30,1000000,1M,3901,3901,0/20,491.65,919.93,924.82,284.07
3554099,mdtest_hard,2021-09-27 20:28:10,2021-09-27 20:32:09,6f497ed,EC_2P1G1,RP_2GX,3,16,16,32,sw=30s,Pass,30,1000000,2M,3901,3901,0/20,105.84,1118.54,848.78,141.71
3542388,mdtest_hard,2021-09-23 10:58:21,2021-09-23 11:02:49,6f497ed,S1,SX,4,16,16,32,sw=30s,Pass,30,200000,1M,3901,3901,0/20,635.47,1607.01,1210.44,1077.35
3546167,mdtest_hard,2021-09-25 04:45:34,2021-09-25 04:50:37,6f497ed,RP_3G1,RP_3GX,4,16,16,32,,Pass,60,200000,1M,3901,3901,0/20,105.12,1337.12,1039.47,131.99
3546171,mdtest_hard,2021-09-25 05:21:47,2021-09-25 05:26:59,6f497ed,RP_2G1,RP_2GX,4,16,16,32,,Pass,60,200000,1M,3901,3901,0/20,190.69,1720.55,1133.01,245.24
3554067,mdtest_hard,2021-09-27 19:49:45,2021-09-27 19:53:47,6f497ed,EC_4P2G1,RP_3GX,6,16,16,32,sw=30s,Pass,30,1000000,4M,3901,3901,0/20,122.69,1598.48,1519.57,138.28
3554069,mdtest_hard,2021-09-27 16:39:10,2021-09-27 16:44:19,6f497ed,S2,SX,6,16,12,32,sw=30s,Pass,30,1000000,1M,3901,3901,0/20,967.14,1878.08,1859.40,506.03
3554075,mdtest_hard,2021-09-27 19:59:35,2021-09-27 20:03:37,6f497ed,EC_2P1G1,RP_2GX,6,16,12,32,sw=30s,Pass,30,1000000,2M,3901,3901,0/20,188.63,2173.79,1649.09,259.24
3554077,mdtest_hard,2021-09-27 20:05:13,,6f497ed,EC_2P1G1,RP_2GX,6,16,16,32,"did not finish,sw=30s",Fail,30,1000000,2M,3901,3901,0/20,,,,
3554080,mdtest_hard,2021-09-27 20:07:12,2021-09-27 20:13:12,6f497ed,S4,SX,6,16,16,32,sw=30s,Pass,30,1000000,1M,3901,3901,0/20,951.36,1245.01,1761.73,290.79
3554092,mdtest_hard,2021-09-27 20:22:08,2021-09-27 20:28:12,6f497ed,S4,SX,6,16,12,32,sw=30s,Pass,30,1000000,1M,3901,3901,0/20,959.40,1295.40,1815.46,294.33
3554096,mdtest_hard,2021-09-27 20:28:10,2021-09-27 20:33:25,6f497ed,S2,SX,6,16,16,32,sw=30s,Pass,30,1000000,1M,3901,3901,0/20,917.00,1795.20,1746.78,516.09
3554098,mdtest_hard,2021-09-27 20:28:10,2021-09-27 20:32:10,6f497ed,EC_4P2G1,RP_3GX,6,16,12,32,sw=30s,Pass,30,1000000,4M,3901,3901,0/20,117.00,1684.74,1595.90,131.22
3542389,mdtest_hard,2021-09-23 11:05:42,2021-09-23 11:10:13,6f497ed,S1,SX,8,16,16,32,sw=30s,Pass,30,200000,1M,3901,3901,0/20,1193.23,3052.13,2311.85,1946.58
3542392,mdtest_hard,2021-09-23 15:24:23,2021-09-23 15:29:06,6f497ed,S1,SX,8,16,32,32,sw=30s,Pass,30,200000,1M,3901,3901,0/20,1073.44,2861.80,2125.18,1914.16
3546121,mdtest_hard,2021-09-25 02:49:59,2021-09-25 02:54:54,6f497ed,RP_3G1,RP_3GX,8,16,32,32,,Pass,60,200000,1M,3901,3901,0/20,169.69,2331.40,1835.94,227.56
3546126,mdtest_hard,2021-09-25 03:08:42,2021-09-25 03:13:59,6f497ed,RP_2G1,RP_2GX,8,16,32,32,,Pass,60,200000,1M,3901,3901,0/20,335.16,2998.07,1968.42,458.51
3546142,mdtest_hard,2021-09-25 03:33:14,2021-09-25 03:38:23,6f497ed,RP_2G1,RP_2GX,8,16,16,32,,Pass,60,200000,1M,3901,3901,0/20,318.73,3213.74,2242.84,429.52
3546158,mdtest_hard,2021-09-25 04:06:32,2021-09-25 04:11:37,6f497ed,RP_3G1,RP_3GX,8,16,16,32,,Pass,60,200000,1M,3901,3901,0/20,204.66,2592.27,1977.85,260.57
3554072,mdtest_hard,2021-09-27 20:05:13,2021-09-27 20:13:20,6f497ed,S8,SX,10,16,16,32,sw=30s,Pass,30,1000000,1M,3901,3901,0/20,1310.28,1255.81,2678.29,197.53
3554090,mdtest_hard,2021-09-27 20:12:34,2021-09-27 20:16:46,6f497ed,EC_8P2G1,RP_3GX,10,16,16,32,sw=30s,Pass,30,1000000,8M,3901,3901,0/20,154.00,2330.84,2342.12,114.97
3554065,mdtest_hard,2021-09-27 17:07:07,2021-09-27 17:11:16,6f497ed,EC_4P2G1,RP_3GX,12,16,16,32,sw=30s,Pass,30,1000000,4M,3901,3901,0/20,206.64,3103.95,2849.95,251.09
3554081,mdtest_hard,2021-09-27 20:08:59,2021-09-27 20:14:57,6f497ed,S4,SX,12,16,16,32,sw=30s,Pass,30,1000000,1M,3901,3901,0/20,1687.08,2462.66,3223.42,528.01
3554084,mdtest_hard,2021-09-27 20:08:59,2021-09-27 20:12:54,6f497ed,EC_2P1G1,RP_2GX,12,16,16,32,sw=30s,Pass,30,1000000,2M,3901,3901,0/20,307.62,3863.85,2908.74,486.23
3554091,mdtest_hard,2021-09-27 20:22:08,2021-09-27 20:27:32,6f497ed,S2,SX,12,16,16,32,sw=30s,Pass,30,1000000,1M,3901,3901,0/20,1675.14,3488.15,3252.67,808.55
3542393,mdtest_hard,2021-09-23 12:39:03,2021-09-23 12:43:51,6f497ed,S1,SX,16,16,16,32,sw=30s,Pass,30,200000,1M,3901,3901,0/20,1984.43,4895.47,3676.47,3054.01
3546132,mdtest_hard,2021-09-25 03:01:32,2021-09-25 03:06:40,6f497ed,RP_2G1,RP_2GX,16,16,16,32,,Pass,60,200000,1M,3901,3901,0/20,474.58,4911.64,3614.85,702.74
3546148,mdtest_hard,2021-09-25 04:01:55,2021-09-25 04:06:59,6f497ed,RP_3G1,RP_3GX,16,16,16,32,,Pass,60,200000,1M,3901,3901,0/20,315.07,4231.32,3434.74,403.67
3554068,mdtest_hard,2021-09-27 19:57:27,2021-09-27 20:01:30,6f497ed,EC_2P1G1,RP_2GX,18,16,16,32,sw=30s,Pass,30,1000000,2M,3901,3901,0/20,385.47,4968.77,3736.24,641.42
3554071,mdtest_hard,2021-09-27 20:05:13,,6f497ed,S16,SX,18,16,16,32,"did not finish,sw=30s",Fail,30,1000000,1M,3901,3901,0/20,,,,
3554078,mdtest_hard,2021-09-27 20:05:13,,6f497ed,EC_16P2G1,RP_3GX,18,16,16,32,"did not finish,sw=30s",Fail,30,1000000,16M,3901,3901,0/20,,,,
3554088,mdtest_hard,2021-09-27 20:14:31,2021-09-27 20:20:16,6f497ed,S2,SX,18,16,16,32,sw=30s,Pass,30,1000000,1M,3901,3901,0/20,2028.56,4497.03,3985.56,968.27
3554093,mdtest_hard,2021-09-27 20:22:08,2021-09-27 20:31:10,6f497ed,S4,SX,18,16,16,32,sw=30s,Pass,30,1000000,1M,3901,3901,0/20,338.00,3393.61,3971.45,650.06
3554094,mdtest_hard,2021-09-27 20:28:10,2021-09-27 20:32:05,6f497ed,EC_4P2G1,RP_3GX,18,16,16,32,sw=30s,Pass,30,1000000,4M,3901,3901,0/20,258.58,4399.26,3654.56,360.45
3554074,mdtest_hard,2021-09-27 20:05:13,,6f497ed,EC_8P2G1,RP_3GX,20,16,16,32,"did not finish,sw=30s",Fail,30,1000000,8M,3901,3901,0/20,,,,
3554089,mdtest_hard,2021-09-27 20:22:08,2021-09-27 20:32:31,6f497ed,S8,SX,20,16,16,32,sw=30s,Pass,30,1000000,1M,3901,3901,0/20,342.39,2414.76,4073.93,360.30
3554073,mdtest_hard,2021-09-27 20:05:13,,6f497ed,S2,SX,24,16,16,32,"did not finish,sw=30s",Fail,30,1000000,1M,3901,3901,0/20,,,,
3554076,mdtest_hard,2021-09-27 20:05:13,,6f497ed,EC_4P2G1,RP_3GX,24,16,16,32,"did not finish,sw=30s",Fail,30,1000000,4M,3901,3901,0/20,,,,
3554079,mdtest_hard,2021-09-27 20:07:12,2021-09-27 20:11:05,6f497ed,EC_2P1G1,RP_2GX,24,16,16,32,sw=30s,Pass,30,1000000,2M,3901,3901,0/20,414.09,5834.88,4334.47,743.02
3554086,mdtest_hard,2021-09-27 20:08:59,2021-09-27 20:15:14,6f497ed,S4,SX,24,16,16,32,sw=30s,Pass,30,1000000,1M,3901,3901,0/20,2418.56,4087.38,4456.90,702.71
3554064,mdtest_hard,2021-09-27 19:49:45,2021-09-27 19:57:14,6f497ed,S8,SX,30,16,16,32,sw=30s,Pass,30,1000000,1M,3901,3901,0/20,2396.89,3242.38,4661.24,475.95
3554082,mdtest_hard,2021-09-27 20:05:13,,6f497ed,EC_8P2G1,RP_3GX,30,16,16,32,"did not finish,sw=30s",Fail,30,1000000,8M,3901,3901,0/20,,,,
3542390,mdtest_hard,2021-09-23 14:57:21,2021-09-23 15:02:16,6f497ed,S1,SX,32,16,16,32,sw=30s,Pass,30,200000,1M,3901,3901,0/20,2584.97,5798.89,4519.58,3902.66
3546137,mdtest_hard,2021-09-25 03:06:20,2021-09-25 03:11:35,6f497ed,RP_2G1,RP_2GX,32,16,16,32,,Pass,60,200000,1M,3901,3901,0/20,674.59,6219.33,4727.45,1065.15
3546164,mdtest_hard,2021-09-25 06:23:26,2021-09-25 06:28:32,6f497ed,RP_3G1,RP_3GX,32,16,16,32,,Pass,60,200000,1M,3901,3901,0/20,490.98,4895.97,4040.42,779.72
3554066,mdtest_hard,2021-09-27 19:49:45,2021-09-27 19:54:10,6f497ed,EC_16P2G1,RP_3GX,36,16,16,32,sw=30s,Pass,30,1000000,16M,3901,3901,0/20,354.30,6212.91,4917.65,181.96
3554085,mdtest_hard,2021-09-27 20:05:13,,6f497ed,S4,SX,36,16,16,32,"did not finish,sw=30s",Fail,30,1000000,1M,3901,3901,0/20,,,,
3554087,mdtest_hard,2021-09-27 20:05:13,,6f497ed,EC_4P2G1,RP_3GX,36,16,16,32,"did not finish,sw=30s",Fail,30,1000000,4M,3901,3901,0/20,,,,
3554097,mdtest_hard,2021-09-27 20:05:13,,6f497ed,S16,SX,36,16,16,32,"did not finish,sw=30s",Fail,30,1000000,1M,3901,3901,0/20,,,,
3546133,mdtest_hard,2021-09-25 07:15:32,2021-09-25 07:20:37,6f497ed,RP_2G1,RP_2GX,64,16,16,32,,Pass,60,200000,1M,3901,3901,0/20,825.14,6612.83,5211.36,1514.78
3546155,mdtest_hard,2021-09-25 07:31:34,2021-09-25 07:36:30,6f497ed,RP_3G1,RP_3GX,64,16,16,32,,Pass,60,200000,1M,3901,3901,0/20,646.45,6661.07,4827.82,1140.14
3632668,mdtest_easy,2021-10-14 10:55:59,2021-10-14 11:02:29,fdf9d73,S1,SX,1,16,4,32,,Pass,60,1000000,1M,0,0,0,479.01,760.28,1143.89,292.06
3632691,mdtest_easy,2021-10-14 11:38:32,2021-10-14 11:45:42,fdf9d73,S1,SX,1,16,16,32,,Pass,60,1000000,1M,0,0,0,418.16,638.95,926.47,258.32
3632671,mdtest_easy,2021-10-14 10:55:59,2021-10-14 11:02:36,fdf9d73,S1,SX,2,16,8,32,,Pass,60,1000000,1M,0,0,0,927.09,1435.99,2174.89,564.45
3632673,mdtest_easy,2021-10-14 10:55:59,2021-10-14 11:02:50,fdf9d73,S1,SX,2,16,16,32,,Pass,60,1000000,1M,0,0,0,858.79,1292.94,1871.14,517.24
3632978,mdtest_easy,2021-10-14 11:43:12,2021-10-14 11:48:48,fdf9d73,RP_2G1,RP_2GX,2,16,8,32,,Pass,60,1000000,1M,0,0,0,212.49,1263.74,2116.51,130.53
3633000,mdtest_easy,2021-10-14 14:49:41,2021-10-14 14:55:14,fdf9d73,RP_2G1,RP_2GX,2,16,16,32,,Pass,60,1000000,1M,0,0,0,191.98,1047.63,1758.22,120.25
3633260,mdtest_easy,2021-10-14 14:38:43,2021-10-14 14:45:06,fdf9d73,S2,SX,3,16,12,32,sw=30s,Pass,30,1000000,1M,0,0,0,1331.21,1579.66,3158.33,304.52
3633299,mdtest_easy,2021-10-14 17:03:20,2021-10-14 17:07:52,fdf9d73,EC_2P1G1,RP_2GX,3,16,16,32,sw=30s,Pass,30,1000000,2M,0,0,0,282.92,1398.73,2627.29,140.86
3633300,mdtest_easy,2021-10-14 17:21:12,2021-10-14 17:27:39,fdf9d73,S2,SX,3,16,16,32,sw=30s,Pass,30,1000000,1M,0,0,0,1246.05,1498.67,2969.66,300.83
3633308,mdtest_easy,2021-10-14 15:52:24,2021-10-14 15:56:53,fdf9d73,EC_2P1G1,RP_2GX,3,16,12,32,sw=30s,Pass,30,1000000,2M,0,0,0,300.06,1547.11,2796.20,146.51
3632682,mdtest_easy,2021-10-14 11:22:08,2021-10-14 11:29:25,fdf9d73,S1,SX,4,16,16,32,,Pass,60,1000000,1M,0,0,0,1740.13,2668.46,4064.40,1062.25
3632966,mdtest_easy,2021-10-14 13:32:08,2021-10-14 13:37:23,fdf9d73,RP_3G1,RP_3GX,4,16,16,32,,Pass,60,1000000,1M,0,0,0,150.34,1472.03,2655.07,110.18
3632971,mdtest_easy,2021-10-14 13:39:02,2021-10-14 13:44:42,fdf9d73,RP_2G1,RP_2GX,4,16,16,32,,Pass,60,1000000,1M,0,0,0,382.71,2128.82,3691.65,239.91
3633256,mdtest_easy,2021-10-14 15:03:52,2021-10-14 15:10:34,fdf9d73,S2,SX,6,16,12,32,sw=30s,Pass,30,1000000,1M,0,0,0,2468.90,2884.95,5497.32,543.18
3633270,mdtest_easy,2021-10-14 15:18:40,2021-10-14 15:23:05,fdf9d73,EC_2P1G1,RP_2GX,6,16,16,32,sw=30s,Pass,30,1000000,2M,0,0,0,504.98,2691.42,5172.06,268.14
3633282,mdtest_easy,2021-10-14 15:34:09,2021-10-14 15:40:48,fdf9d73,S2,SX,6,16,16,32,sw=30s,Pass,30,1000000,1M,0,0,0,2505.57,2993.58,5909.52,550.16
3633295,mdtest_easy,2021-10-14 16:29:58,2021-10-14 16:34:19,fdf9d73,EC_2P1G1,RP_2GX,6,16,12,32,sw=30s,Pass,30,1000000,2M,0,0,0,412.69,2504.55,4982.15,245.89
3633793,mdtest_easy,2021-10-14 20:58:00,2021-10-14 21:02:32,fdf9d73,EC_4P2G1,RP_3GX,6,16,16,32,sw=30s,Pass,30,1000000,4M,0,0,0,278.87,1998.53,4553.17,127.81
3633812,mdtest_easy,2021-10-14 22:02:36,2021-10-14 22:11:39,fdf9d73,S4,SX,6,16,16,32,sw=30s,Pass,30,1000000,1M,0,0,0,2517.91,2023.80,5814.53,292.57
3633826,mdtest_easy,2021-10-14 21:50:09,2021-10-14 21:54:43,fdf9d73,EC_4P2G1,RP_3GX,6,16,12,32,sw=30s,Pass,30,1000000,4M,0,0,0,284.97,2059.36,4474.53,127.16
3633827,mdtest_easy,2021-10-14 23:01:09,2021-10-14 23:09:44,fdf9d73,S4,SX,6,16,12,32,sw=30s,Pass,30,1000000,1M,0,0,0,2452.74,2046.28,5438.30,298.77
3632664,mdtest_easy,2021-10-14 11:10:41,2021-10-14 11:18:55,fdf9d73,S1,SX,8,16,32,32,,Pass,60,1000000,1M,0,0,0,3139.83,4465.61,6433.04,1878.23
3632672,mdtest_easy,2021-10-14 10:55:59,2021-10-14 11:03:56,fdf9d73,S1,SX,8,16,16,32,,Pass,60,1000000,1M,0,0,0,3315.44,4658.79,7117.98,1951.64
3632987,mdtest_easy,2021-10-14 14:38:40,2021-10-14 14:44:31,fdf9d73,RP_2G1,RP_2GX,8,16,16,32,,Pass,60,1000000,1M,0,0,0,644.60,3712.59,6870.34,423.32
3632989,mdtest_easy,2021-10-14 14:40:56,2021-10-14 14:47:08,fdf9d73,RP_2G1,RP_2GX,8,16,32,32,,Pass,60,1000000,1M,0,0,0,720.73,3432.53,6235.32,440.60
3632999,mdtest_easy,2021-10-14 14:52:15,2021-10-14 14:57:28,fdf9d73,RP_3G1,RP_3GX,8,16,16,32,,Pass,60,1000000,1M,0,0,0,294.05,2675.35,5167.68,219.17
3633008,mdtest_easy,2021-10-14 15:03:51,2021-10-14 15:09:09,fdf9d73,RP_3G1,RP_3GX,8,16,32,32,,Pass,60,1000000,1M,0,0,0,243.47,1888.96,4586.30,191.02
3634243,mdtest_easy,2021-10-15 04:56:13,2021-10-15 05:09:15,fdf9d73,S8,SX,10,16,16,32,sw=30s,Pass,30,1000000,1M,0,0,0,3228.40,1886.57,7168.91,206.07
3634263,mdtest_easy,2021-10-15 05:34:55,2021-10-15 05:40:13,fdf9d73,EC_8P2G1,RP_3GX,10,16,16,32,sw=30s,Pass,30,1000000,8M,0,0,0,423.64,2688.42,6593.49,127.17
3633297,mdtest_easy,2021-10-14 17:10:49,2021-10-14 17:18:05,fdf9d73,S2,SX,12,16,16,32,sw=30s,Pass,30,1000000,1M,0,0,0,4198.27,4887.83,8954.21,892.30
3633303,mdtest_easy,2021-10-14 19:24:47,2021-10-14 19:29:17,fdf9d73,EC_2P1G1,RP_2GX,12,16,16,32,sw=30s,Pass,30,1000000,2M,0,0,0,814.90,4015.63,8543.31,465.29
3633811,mdtest_easy,2021-10-15 03:26:16,2021-10-15 03:35:10,fdf9d73,S4,SX,12,16,16,32,sw=30s,Pass,30,1000000,1M,0,0,0,4135.57,3629.80,8880.98,561.15
3633821,mdtest_easy,2021-10-15 04:16:58,2021-10-15 04:21:51,fdf9d73,EC_4P2G1,RP_3GX,12,16,16,32,sw=30s,Pass,30,1000000,4M,0,0,0,587.03,3089.09,8055.27,250.43
3632665,mdtest_easy,2021-10-14 11:06:08,2021-10-14 11:15:14,fdf9d73,S1,SX,16,16,16,32,,Pass,60,1000000,1M,0,0,0,5215.67,6320.32,9793.11,3019.18
3632968,mdtest_easy,2021-10-14 13:56:28,2021-10-14 14:01:56,fdf9d73,RP_3G1,RP_3GX,16,16,16,32,,Pass,60,1000000,1M,0,0,0,663.88,4179.89,8406.79,459.11
3632996,mdtest_easy,2021-10-14 14:28:57,2021-10-14 14:34:54,fdf9d73,RP_2G1,RP_2GX,16,16,16,32,,Pass,60,1000000,1M,0,0,0,1026.38,5072.37,9533.06,637.06
3633294,mdtest_easy,2021-10-14 16:29:58,2021-10-14 16:37:33,fdf9d73,S2,SX,18,16,16,32,sw=30s,Pass,30,1000000,1M,0,0,0,4985.70,5320.17,9901.03,1047.39
3633304,mdtest_easy,2021-10-14 19:33:07,2021-10-14 19:37:48,fdf9d73,EC_2P1G1,RP_2GX,18,16,16,32,sw=30s,Pass,30,1000000,2M,0,0,0,1016.51,4220.60,9583.36,587.74
3633794,mdtest_easy,2021-10-14 21:56:26,2021-10-14 22:01:13,fdf9d73,EC_4P2G1,RP_3GX,18,16,16,32,sw=30s,Pass,30,1000000,4M,0,0,0,791.61,3756.43,9582.39,346.98
3633813,mdtest_easy,2021-10-15 04:07:26,2021-10-15 04:16:08,fdf9d73,S4,SX,18,16,16,32,sw=30s,Pass,30,1000000,1M,0,0,0,4992.09,4254.80,9468.50,738.74
3634238,mdtest_easy,2021-10-15 05:11:51,,fdf9d73,S16,SX,18,16,16,32,"did not finish,sw=30s",Fail,30,1000000,1M,0,0,0,4088.90,1778.26,9276.39,149.36
3634252,mdtest_easy,2021-10-15 05:27:54,2021-10-15 05:35:01,fdf9d73,EC_16P2G1,RP_3GX,18,16,16,32,sw=30s,Pass,30,1000000,16M,0,0,0,815.69,3648.24,8949.62,116.06
3634239,mdtest_easy,2021-10-15 05:11:51,2021-10-15 05:22:34,fdf9d73,S8,SX,20,16,16,32,sw=30s,Pass,30,1000000,1M,0,0,0,4065.36,3161.72,9781.63,392.30
3634268,mdtest_easy,2021-10-15 08:35:33,2021-10-15 08:40:37,fdf9d73,EC_8P2G1,RP_3GX,20,16,16,32,sw=30s,Pass,30,1000000,8M,0,0,0,814.30,3653.28,9507.46,255.96
3633305,mdtest_easy,2021-10-14 19:51:46,2021-10-14 19:56:29,fdf9d73,EC_2P1G1,RP_2GX,24,16,16,32,sw=30s,Pass,30,1000000,2M,0,0,0,1256.72,4568.13,10347.78,704.58
3633310,mdtest_easy,2021-10-14 21:06:43,2021-10-14 21:14:29,fdf9d73,S2,SX,24,16,16,32,sw=30s,Pass,30,1000000,1M,0,0,0,5711.61,6094.60,10477.47,1209.29
3633802,mdtest_easy,2021-10-15 03:45:17,2021-10-15 03:54:11,fdf9d73,S4,SX,24,16,16,32,sw=30s,Pass,30,1000000,1M,0,0,0,5695.76,5151.95,10552.42,842.48
3633808,mdtest_easy,2021-10-15 04:26:00,2021-10-15 04:30:52,fdf9d73,EC_4P2G1,RP_3GX,24,16,16,32,sw=30s,Pass,30,1000000,4M,0,0,0,924.59,4067.76,8436.96,428.17
3634234,mdtest_easy,2021-10-15 05:11:51,2021-10-15 05:21:37,fdf9d73,S8,SX,30,16,16,32,sw=30s,Pass,30,1000000,1M,0,0,0,4294.04,3871.80,10377.93,530.89
3634254,mdtest_easy,2021-10-15 05:27:54,2021-10-15 05:33:03,fdf9d73,EC_8P2G1,RP_3GX,30,16,16,32,sw=30s,Pass,30,1000000,8M,0,0,0,1000.95,3693.42,9981.81,344.34
3632662,mdtest_easy,2021-10-14 10:57:44,2021-10-14 11:07:39,fdf9d73,S1,SX,32,16,16,32,,Pass,60,1000000,1M,0,0,0,6642.12,7134.38,11138.84,3893.68
3633007,mdtest_easy,2021-10-14 14:49:41,2021-10-14 14:56:14,fdf9d73,RP_2G1,RP_2GX,32,16,16,32,,Pass,60,1000000,1M,0,0,0,1502.66,5518.25,10552.91,949.02
3641973,mdtest_easy,2021-10-15 18:35:03,2021-10-15 18:41:01,fdf9d73,RP_3G1,RP_3GX,32,16,16,32,,Pass,60,1000000,1M,0,0,0,1063.43,4806.16,10271.71,710.86
3633795,mdtest_easy,2021-10-14 21:37:42,2021-10-14 21:42:41,fdf9d73,EC_4P2G1,RP_3GX,36,16,16,32,sw=30s,Pass,30,1000000,4M,0,0,0,1247.83,4461.28,10506.29,544.03
3633819,mdtest_easy,2021-10-15 04:16:58,2021-10-15 04:26:02,fdf9d73,S4,SX,36,16,16,32,sw=30s,Pass,30,1000000,1M,0,0,0,5213.58,4574.81,10855.52,961.45
3634244,mdtest_easy,2021-10-15 05:24:10,2021-10-15 05:30:41,fdf9d73,EC_16P2G1,RP_3GX,36,16,16,32,sw=30s,Pass,30,1000000,16M,0,0,0,1233.25,4269.94,9851.82,225.80
3634253,mdtest_easy,2021-10-15 05:34:55,2021-10-15 05:52:27,fdf9d73,S16,SX,36,16,16,32,sw=30s,Pass,30,1000000,1M,0,0,0,5892.72,2906.26,10357.15,265.36
3632690,mdtest_easy,2021-10-14 11:40:43,2021-10-14 11:50:24,fdf9d73,S1,SX,64,16,16,32,,Pass,60,1000000,1M,0,0,0,5548.72,6847.23,11272.09,4207.89
3632981,mdtest_easy,2021-10-14 13:56:30,2021-10-14 14:03:14,fdf9d73,RP_2G1,RP_2GX,64,16,16,32,,Pass,60,1000000,1M,0,0,0,2130.73,5862.93,10940.52,1290.89
3633001,mdtest_easy,2021-10-14 14:21:54,2021-10-14 14:28:24,fdf9d73,RP_3G1,RP_3GX,64,16,16,32,,Pass,60,1000000,1M,0,0,0,1570.80,4926.81,11332.32,985.57
3632669,mdtest_hard,2021-10-14 11:10:41,2021-10-14 11:15:02,fdf9d73,S1,SX,1,16,16,32,sw=30s,Pass,30,200000,1M,3901,3901,0/20,167.71,406.19,309.01,260.20
3632670,mdtest_hard,2021-10-14 10:55:59,2021-10-14 10:59:49,fdf9d73,S1,SX,1,16,4,32,sw=30s,Pass,30,200000,1M,3901,3901,0/20,185.78,463.20,353.51,287.34
3632663,mdtest_hard,2021-10-14 10:55:59,2021-10-14 10:59:54,fdf9d73,S1,SX,2,16,8,32,sw=30s,Pass,30,200000,1M,3901,3901,0/20,345.21,871.44,656.01,551.72
3632677,mdtest_hard,2021-10-14 11:19:48,2021-10-14 11:23:59,fdf9d73,S1,SX,2,16,16,32,sw=30s,Pass,30,200000,1M,3901,3901,0/20,315.74,790.50,594.58,513.89
3632967,mdtest_hard,2021-10-14 11:24:39,2021-10-14 11:29:29,fdf9d73,RP_2G1,RP_2GX,2,16,8,32,,Pass,60,200000,1M,3901,3901,0/20,97.29,923.13,630.23,126.67
3632994,mdtest_hard,2021-10-14 13:35:39,2021-10-14 13:40:23,fdf9d73,RP_2G1,RP_2GX,2,16,16,32,,Pass,60,200000,1M,3901,3901,0/20,96.36,811.31,563.45,127.67
3633290,mdtest_hard,2021-10-14 15:34:09,2021-10-14 15:37:50,fdf9d73,EC_2P1G1,RP_2GX,3,16,16,32,sw=30s,Pass,30,1000000,2M,3901,3901,0/20,106.07,1078.29,781.38,139.12
3633293,mdtest_hard,2021-10-14 14:40:58,2021-10-14 14:45:40,fdf9d73,S2,SX,3,16,12,32,sw=30s,Pass,30,1000000,1M,3901,3901,0/20,493.68,912.64,893.57,279.43
3633296,mdtest_hard,2021-10-14 16:55:21,2021-10-14 17:00:27,fdf9d73,S2,SX,3,16,16,32,sw=30s,Pass,30,1000000,1M,3901,3901,0/20,478.49,869.46,867.55,274.20
3633302,mdtest_hard,2021-10-14 15:23:25,2021-10-14 15:27:08,fdf9d73,EC_2P1G1,RP_2GX,3,16,12,32,sw=30s,Pass,30,1000000,2M,3901,3901,0/20,107.62,1094.22,803.31,140.70
3632676,mdtest_hard,2021-10-14 11:19:48,2021-10-14 11:24:06,fdf9d73,S1,SX,4,16,16,32,sw=30s,Pass,30,200000,1M,3901,3901,0/20,615.20,1511.50,1112.90,1019.03
3632993,mdtest_hard,2021-10-14 14:28:57,2021-10-14 14:33:43,fdf9d73,RP_3G1,RP_3GX,4,16,16,32,,Pass,60,200000,1M,3901,3901,0/20,95.23,1289.46,1006.08,117.94
3633006,mdtest_hard,2021-10-14 15:03:51,2021-10-14 15:08:46,fdf9d73,RP_2G1,RP_2GX,4,16,16,32,,Pass,60,200000,1M,3901,3901,0/20,180.75,1627.67,1086.60,228.01
3633263,mdtest_hard,2021-10-14 15:16:13,2021-10-14 15:21:16,fdf9d73,S2,SX,6,16,16,32,sw=30s,Pass,30,1000000,1M,3901,3901,0/20,887.10,1702.89,1633.53,498.53
3633277,mdtest_hard,2021-10-14 15:34:09,2021-10-14 15:37:43,fdf9d73,EC_2P1G1,RP_2GX,6,16,12,32,sw=30s,Pass,30,1000000,2M,3901,3901,0/20,174.37,2027.79,1529.24,250.41
3633278,mdtest_hard,2021-10-14 15:34:09,2021-10-14 15:39:08,fdf9d73,S2,SX,6,16,12,32,sw=30s,Pass,30,1000000,1M,3901,3901,0/20,941.70,1791.93,1739.92,495.31
3633306,mdtest_hard,2021-10-14 17:25:49,2021-10-14 17:29:37,fdf9d73,EC_2P1G1,RP_2GX,6,16,16,32,sw=30s,Pass,30,1000000,2M,3901,3901,0/20,181.73,1980.87,1455.86,250.80
3633792,mdtest_hard,2021-10-14 20:37:52,2021-10-14 20:41:41,fdf9d73,EC_4P2G1,RP_3GX,6,16,16,32,sw=30s,Pass,30,1000000,4M,3901,3901,0/20,86.84,1410.33,1348.74,110.87
3633796,mdtest_hard,2021-10-14 19:35:59,2021-10-14 19:41:48,fdf9d73,S4,SX,6,16,12,32,sw=30s,Pass,30,1000000,1M,3901,3901,0/20,939.83,1231.34,1738.01,286.69
3633818,mdtest_hard,2021-10-14 22:50:26,2021-10-14 22:56:19,fdf9d73,S4,SX,6,16,16,32,sw=30s,Pass,30,1000000,1M,3901,3901,0/20,900.77,1167.48,1637.09,279.62
3633832,mdtest_hard,2021-10-15 01:53:07,2021-10-15 01:56:43,fdf9d73,EC_4P2G1,RP_3GX,6,16,12,32,sw=30s,Pass,30,1000000,4M,3901,3901,0/20,104.83,1565.97,1510.71,124.41
3632675,mdtest_hard,2021-10-14 11:17:31,2021-10-14 11:22:01,fdf9d73,S1,SX,8,16,32,32,sw=30s,Pass,30,200000,1M,3901,3901,0/20,1032.86,2700.46,1971.78,1791.38
3632687,mdtest_hard,2021-10-14 11:31:40,2021-10-14 11:36:03,fdf9d73,S1,SX,8,16,16,32,sw=30s,Pass,30,200000,1M,3901,3901,0/20,1161.79,2927.43,2195.12,1888.18
3632973,mdtest_hard,2021-10-14 14:14:52,2021-10-14 14:19:37,fdf9d73,RP_3G1,RP_3GX,8,16,32,32,,Pass,60,200000,1M,3901,3901,0/20,167.43,2262.91,1749.64,217.00
3632983,mdtest_hard,2021-10-14 14:21:54,2021-10-14 14:26:40,fdf9d73,RP_3G1,RP_3GX,8,16,16,32,,Pass,60,200000,1M,3901,3901,0/20,203.85,2533.46,1907.18,260.58
3632986,mdtest_hard,2021-10-14 14:30:51,2021-10-14 14:35:47,fdf9d73,RP_2G1,RP_2GX,8,16,16,32,,Pass,60,200000,1M,3901,3901,0/20,315.90,2955.97,2115.58,417.48
3641986,mdtest_hard,2021-10-15 18:43:57,2021-10-15 18:49:06,fdf9d73,RP_2G1,RP_2GX,8,16,32,32,,Pass,60,200000,1M,3901,3901,0/20,335.18,2894.53,1947.73,450.60
3634229,mdtest_hard,2021-10-15 04:30:42,2021-10-15 04:34:46,fdf9d73,EC_8P2G1,RP_3GX,10,16,16,32,sw=30s,Pass,30,1000000,8M,3901,3901,0/20,159.52,2283.02,2199.92,121.94
3634265,mdtest_hard,2021-10-15 06:47:36,2021-10-15 06:55:22,fdf9d73,S8,SX,10,16,16,32,sw=30s,Pass,30,1000000,1M,3901,3901,0/20,1313.71,1180.47,2525.62,201.73
3633301,mdtest_hard,2021-10-14 18:36:47,2021-10-14 18:42:12,fdf9d73,S2,SX,12,16,16,32,sw=30s,Pass,30,1000000,1M,3901,3901,0/20,1651.94,3293.47,3036.54,777.87
3633309,mdtest_hard,2021-10-14 19:46:46,2021-10-14 19:50:31,fdf9d73,EC_2P1G1,RP_2GX,12,16,16,32,sw=30s,Pass,30,1000000,2M,3901,3901,0/20,285.56,3634.24,2728.09,477.03
3633789,mdtest_hard,2021-10-14 21:25:03,2021-10-14 21:31:13,fdf9d73,S4,SX,12,16,16,32,sw=30s,Pass,30,1000000,1M,3901,3901,0/20,1636.96,2327.96,3013.13,502.60
3633797,mdtest_hard,2021-10-15 01:27:46,2021-10-15 01:31:27,fdf9d73,EC_4P2G1,RP_3GX,12,16,16,32,sw=30s,Pass,30,1000000,4M,3901,3901,0/20,191.62,2922.14,2626.61,238.16
3641980,mdtest_hard,2021-10-15 12:11:43,2021-10-15 12:16:04,fdf9d73,S1,SX,16,16,16,32,sw=30s,Pass,30,200000,1M,3901,3901,0/20,1996.56,4813.36,3598.04,3013.12
3641984,mdtest_hard,2021-10-15 13:58:21,2021-10-15 14:03:07,fdf9d73,RP_2G1,RP_2GX,16,16,16,32,,Pass,60,200000,1M,3901,3901,0/20,485.12,4799.43,3452.93,688.76
3641985,mdtest_hard,2021-10-15 15:45:03,2021-10-15 15:49:55,fdf9d73,RP_3G1,RP_3GX,16,16,16,32,,Pass,60,200000,1M,3901,3901,0/20,326.02,4024.90,3272.07,428.25
3633258,mdtest_hard,2021-10-14 15:13:53,2021-10-14 15:17:34,fdf9d73,EC_2P1G1,RP_2GX,18,16,16,32,sw=30s,Pass,30,1000000,2M,3901,3901,0/20,336.23,4562.88,3480.04,603.65
3633292,mdtest_hard,2021-10-14 15:25:46,2021-10-14 15:31:05,fdf9d73,S2,SX,18,16,16,32,sw=30s,Pass,30,1000000,1M,3901,3901,0/20,2046.43,4165.94,3719.22,951.47
3633790,mdtest_hard,2021-10-14 21:47:06,2021-10-14 21:53:12,fdf9d73,S4,SX,18,16,16,32,sw=30s,Pass,30,1000000,1M,3901,3901,0/20,2063.62,3187.16,3713.42,628.91
3633820,mdtest_hard,2021-10-15 04:14:51,2021-10-15 04:18:41,fdf9d73,EC_4P2G1,RP_3GX,18,16,16,32,sw=30s,Pass,30,1000000,4M,3901,3901,0/20,239.69,3846.15,2844.48,344.55
3634246,mdtest_hard,2021-10-15 05:24:10,2021-10-15 05:36:27,fdf9d73,S16,SX,18,16,16,32,sw=30s,Pass,30,1000000,1M,3901,3901,0/20,1998.76,1226.13,3304.64,144.43
3634255,mdtest_hard,2021-10-15 05:34:55,2021-10-15 05:39:25,fdf9d73,EC_16P2G1,RP_3GX,18,16,16,32,sw=30s,Pass,30,1000000,16M,3901,3901,0/20,238.92,3904.14,3345.93,106.24
3634237,mdtest_hard,2021-10-15 05:11:51,2021-10-15 05:19:10,fdf9d73,S8,SX,20,16,16,32,sw=30s,Pass,30,1000000,1M,3901,3901,0/20,1708.50,2261.32,3820.21,365.78
3634241,mdtest_hard,2021-10-15 05:20:13,2021-10-15 05:24:10,fdf9d73,EC_8P2G1,RP_3GX,20,16,16,32,sw=30s,Pass,30,1000000,8M,3901,3901,0/20,252.00,4259.34,3593.52,249.05
3633298,mdtest_hard,2021-10-14 19:41:28,2021-10-14 19:47:00,fdf9d73,S2,SX,24,16,16,32,sw=30s,Pass,30,1000000,1M,3901,3901,0/20,2419.66,4874.44,4229.56,1082.06
3633307,mdtest_hard,2021-10-14 20:57:47,2021-10-14 21:01:20,fdf9d73,EC_2P1G1,RP_2GX,24,16,16,32,sw=30s,Pass,30,1000000,2M,3901,3901,0/20,393.33,5369.98,4047.15,717.00
3633800,mdtest_hard,2021-10-15 03:38:13,2021-10-15 03:42:00,fdf9d73,EC_4P2G1,RP_3GX,24,16,16,32,sw=30s,Pass,30,1000000,4M,3901,3901,0/20,274.02,4942.37,4085.37,409.96
3633823,mdtest_hard,2021-10-15 05:03:44,2021-10-15 05:10:04,fdf9d73,S4,SX,24,16,16,32,sw=30s,Pass,30,1000000,1M,3901,3901,0/20,2444.03,3864.97,4232.71,701.98
3634235,mdtest_hard,2021-10-15 05:11:51,2021-10-15 05:18:28,fdf9d73,S8,SX,30,16,16,32,sw=30s,Pass,30,1000000,1M,3901,3901,0/20,1854.48,3069.15,4434.87,482.01
3634259,mdtest_hard,2021-10-15 05:38:21,2021-10-15 05:41:57,fdf9d73,EC_8P2G1,RP_3GX,30,16,16,32,sw=30s,Pass,30,1000000,8M,3901,3901,0/20,294.71,5186.93,4346.42,334.24
3632692,mdtest_hard,2021-10-14 11:40:43,2021-10-14 11:45:20,fdf9d73,S1,SX,32,16,16,32,sw=30s,Pass,30,200000,1M,3901,3901,0/20,2063.63,4981.09,3955.67,3519.04
3632984,mdtest_hard,2021-10-14 14:36:40,2021-10-14 14:41:28,fdf9d73,RP_2G1,RP_2GX,32,16,16,32,,Pass,60,200000,1M,3901,3901,0/20,682.72,5787.20,4519.32,1040.41
3632990,mdtest_hard,2021-10-14 14:40:56,2021-10-14 14:45:39,fdf9d73,RP_3G1,RP_3GX,32,16,16,32,,Pass,60,200000,1M,3901,3901,0/20,491.81,4957.97,3984.18,755.42
3633799,mdtest_hard,2021-10-15 03:15:45,2021-10-15 03:19:23,fdf9d73,EC_4P2G1,RP_3GX,36,16,16,32,sw=30s,Pass,30,1000000,4M,3901,3901,0/20,314.16,5351.01,4541.62,536.24
3633807,mdtest_hard,2021-10-15 03:58:06,2021-10-15 04:04:08,fdf9d73,S4,SX,36,16,16,32,sw=30s,Pass,30,1000000,1M,3901,3901,0/20,2558.36,4689.33,4619.79,865.67
3634248,mdtest_hard,2021-10-15 05:26:05,2021-10-15 05:36:10,fdf9d73,S16,SX,36,16,16,32,sw=30s,Pass,30,1000000,1M,3901,3901,0/20,2546.80,1989.99,3859.25,250.41
3634266,mdtest_hard,2021-10-15 08:28:55,2021-10-15 08:32:54,fdf9d73,EC_16P2G1,RP_3GX,36,16,16,32,sw=30s,Pass,30,1000000,16M,3901,3901,0/20,335.57,5690.84,4519.22,217.01
3632695,mdtest_hard,2021-10-14 11:50:29,2021-10-14 11:55:10,fdf9d73,S1,SX,64,16,16,32,sw=30s,Pass,30,200000,1M,3901,3901,0/20,2582.06,6338.59,4959.20,4382.48
3632991,mdtest_hard,2021-10-14 14:14:52,2021-10-14 14:19:42,fdf9d73,RP_3G1,RP_3GX,64,16,16,32,,Pass,60,200000,1M,3901,3901,0/20,650.98,6445.85,5066.59,1144.20
3632997,mdtest_hard,2021-10-14 14:21:54,2021-10-14 14:26:52,fdf9d73,RP_2G1,RP_2GX,64,16,16,32,,Pass,60,200000,1M,3901,3901,0/20,846.30,6478.58,5104.03,1482.72
