slurm_job_id,test_case,start_time,end_time,daos_commit,oclass,num_servers,num_clients,ppc,fpp,segments,xfer_size,block_size,cont_rf,iterations,notes,status,write_gib,read_gib
3002137,ior_easy_1to4_2gx,2021-05-26 17:52:02,2021-05-26 17:57:56,47943ae,RP_2GX,2,8,32,,,,,,,,Pass,10.77,21.73
3002144,ior_easy_1to4_2gx,2021-05-26 17:52:02,2021-05-26 17:58:49,47943ae,RP_2GX,4,16,32,,,,,,,,Pass,20.65,45.04
3002145,ior_easy_1to4_2gx,2021-05-26 18:00:45,2021-05-26 18:08:42,47943ae,RP_2GX,8,32,32,,,,,,,,Pass,40.55,88.65
3002215,ior_easy_1to4_3gx,2021-05-26 19:18:51,2021-05-26 19:24:15,47943ae,RP_3GX,4,16,32,,,,,,,,Pass,13.56,44.41
3002226,ior_easy_1to4_3gx,2021-05-26 19:26:57,2021-05-26 19:32:42,47943ae,RP_3GX,8,32,32,,,,,,,,Pass,26.73,87.77
2988586,ior_easy_1to4_sx,2021-05-20 16:03:04,2021-05-20 16:10:05,47943ae,SX,1,4,32,,,,,,,,Pass,11.31,11.41
2992108,ior_easy_1to4_sx,2021-05-22 16:04:24,,47943ae,SX,16,64,32,,,,,,,"did not finish,read failed",Fail,160.16,0.00
2988585,ior_easy_1to4_sx,2021-05-20 16:03:04,2021-05-20 16:11:10,47943ae,SX,2,8,32,,,,,,,,Pass,21.68,22.76
2988588,ior_easy_1to4_sx,2021-05-20 16:03:04,2021-05-20 16:11:36,47943ae,SX,4,16,32,,,,,,,,Pass,41.57,44.72
2988587,ior_easy_1to4_sx,2021-05-20 16:45:08,2021-05-20 16:52:57,47943ae,SX,8,32,32,,,,,,,,Pass,81.84,89.46
3002139,ior_easy_c16_2gx,2021-05-26 17:52:00,2021-05-26 17:58:24,47943ae,RP_2GX,16,16,32,,,,,,,,Pass,67.39,143.16
3002143,ior_easy_c16_2gx,2021-05-26 17:52:02,2021-05-26 17:57:52,47943ae,RP_2GX,2,16,32,,,,,,,,Pass,10.13,22.42
3002142,ior_easy_c16_2gx,2021-05-26 17:52:02,2021-05-26 17:58:06,47943ae,RP_2GX,32,16,32,,,,,,,,Pass,83.17,149.57
3002140,ior_easy_c16_2gx,2021-05-26 17:52:02,2021-05-26 17:58:32,47943ae,RP_2GX,4,16,32,,,,,,,,Pass,21.05,44.77
3002138,ior_easy_c16_2gx,2021-05-26 17:52:00,2021-05-26 17:58:06,47943ae,RP_2GX,64,16,32,,,,,,,,Pass,81.75,151.24
3002141,ior_easy_c16_2gx,2021-05-26 17:52:02,2021-05-26 17:59:38,47943ae,RP_2GX,8,16,32,,,,,,,,Pass,38.68,88.68
3002219,ior_easy_c16_3gx,2021-05-26 19:18:51,2021-05-26 19:24:43,47943ae,RP_3GX,16,16,32,,,,,,,,Pass,43.33,141.37
3002220,ior_easy_c16_3gx,2021-05-26 19:18:51,2021-05-26 19:24:30,47943ae,RP_3GX,32,16,32,,,,,,,,Pass,50.99,141.87
3002218,ior_easy_c16_3gx,2021-05-26 19:09:27,2021-05-26 19:15:03,47943ae,RP_3GX,64,16,32,,,,,,,,Pass,56.90,141.84
3002228,ior_easy_c16_3gx,2021-05-26 19:30:54,2021-05-26 19:37:16,47943ae,RP_3GX,8,16,32,,,,,,,,Pass,25.82,87.67
2988669,ior_easy_c16_sx,2021-05-20 16:51:26,2021-05-20 17:01:11,47943ae,SX,1,16,32,,,,,,,,Pass,11.40,11.39
2998694,ior_easy_c16_sx,2021-05-25 15:59:36,2021-05-25 16:02:27,47943ae,SX,128,16,32,,,,,,,"write failed,read failed",Fail,0.00,0.00
2992106,ior_easy_c16_sx,2021-05-22 15:11:20,2021-05-22 15:18:24,47943ae,SX,16,16,32,,,,,,,,Pass,129.44,153.67
2988671,ior_easy_c16_sx,2021-05-20 16:58:05,2021-05-20 17:05:12,47943ae,SX,2,16,32,,,,,,,,Pass,21.94,22.77
2998499,ior_easy_c16_sx,2021-05-25 11:18:33,2021-05-25 11:25:18,47943ae,SX,32,16,32,,,,,,,,Pass,170.36,148.73
2998613,ior_easy_c16_sx,2021-05-25 11:42:29,2021-05-25 11:49:43,47943ae,SX,64,16,32,,,,,,,,Pass,159.36,129.34
2988670,ior_easy_c16_sx,2021-05-20 16:55:52,2021-05-20 17:03:23,47943ae,SX,8,16,32,,,,,,,,Pass,78.30,89.60
3002222,ior_hard_1to4_2gx,2021-05-26 18:39:35,2021-05-26 18:44:43,47943ae,RP_2GX,2,8,32,,,,,,,,Pass,4.89,12.95
3002223,ior_hard_1to4_2gx,2021-05-26 19:22:49,2021-05-26 19:28:01,47943ae,RP_2GX,4,16,32,,,,,,,,Pass,9.39,24.56
3002227,ior_hard_1to4_2gx,2021-05-26 19:29:05,2021-05-26 19:34:32,47943ae,RP_2GX,8,32,32,,,,,,,,Pass,18.04,45.56
3009062,ior_hard_1to4_3gx,2021-05-28 10:03:44,2021-05-28 10:08:47,47943ae,RP_3GX,4,16,32,,,,,,,,Pass,5.23,19.93
3009061,ior_hard_1to4_3gx,2021-05-28 13:11:17,2021-05-28 13:16:27,47943ae,RP_3GX,8,32,32,,,,,,,,Pass,9.85,37.38
2988674,ior_hard_1to4_sx,2021-05-20 16:42:54,2021-05-20 16:48:48,47943ae,SX,1,4,32,,,,,,,,Pass,5.29,6.72
2992107,ior_hard_1to4_sx,2021-05-22 14:22:02,,47943ae,SX,16,64,32,,,,,,,"did not finish,read failed",Fail,70.03,0.00
2988673,ior_hard_1to4_sx,2021-05-20 16:42:54,2021-05-20 16:49:06,47943ae,SX,2,8,32,,,,,,,,Pass,10.11,8.45
2988676,ior_hard_1to4_sx,2021-05-20 17:02:49,2021-05-20 17:08:56,47943ae,SX,4,16,32,,,,,,,,Pass,19.46,24.99
2988675,ior_hard_1to4_sx,2021-05-20 17:16:49,2021-05-20 17:23:13,47943ae,SX,8,32,32,,,,,,,,Pass,37.25,47.48
3002217,ior_hard_c16_2gx,2021-05-26 19:18:51,2021-05-26 19:24:05,47943ae,RP_2GX,16,16,32,,,,,,,,Pass,29.35,71.78
3002224,ior_hard_c16_2gx,2021-05-26 19:22:49,2021-05-26 19:28:00,47943ae,RP_2GX,2,16,32,,,,,,,,Pass,4.53,12.66
3002225,ior_hard_c16_2gx,2021-05-26 19:26:57,2021-05-26 19:32:20,47943ae,RP_2GX,32,16,32,,,,,,,,Pass,44.68,92.77
3002216,ior_hard_c16_2gx,2021-05-26 19:09:27,2021-05-26 19:15:15,47943ae,RP_2GX,64,16,32,,,,,,,,Pass,54.99,99.52
3002221,ior_hard_c16_2gx,2021-05-26 19:22:49,2021-05-26 19:28:00,47943ae,RP_2GX,8,16,32,,,,,,,,Pass,17.36,45.82
3009059,ior_hard_c16_3gx,2021-05-28 11:02:41,2021-05-28 11:07:47,47943ae,RP_3GX,16,16,32,,,,,,,,Pass,18.28,63.47
3009548,ior_hard_c16_3gx,2021-05-28 13:39:55,2021-05-28 13:45:11,47943ae,RP_3GX,32,16,32,,,,,,,,Pass,31.59,89.64
3009547,ior_hard_c16_3gx,2021-05-28 13:32:43,2021-05-28 13:38:18,47943ae,RP_3GX,64,16,32,,,,,,,,Pass,46.80,102.17
3009060,ior_hard_c16_3gx,2021-05-28 10:05:05,2021-05-28 10:10:05,47943ae,RP_3GX,8,16,32,,,,,,,,Pass,10.01,38.39
2988716,ior_hard_c16_sx,2021-05-20 17:07:15,2021-05-20 17:13:26,47943ae,SX,1,16,32,,,,,,,,Pass,5.18,6.60
2998692,ior_hard_c16_sx,2021-05-25 15:17:06,2021-05-25 15:23:14,47943ae,SX,128,16,32,,,,,,,,Pass,68.25,90.55
2992105,ior_hard_c16_sx,2021-05-22 14:22:02,2021-05-22 14:27:52,47943ae,SX,16,16,32,,,,,,,,Pass,57.07,72.31
2988715,ior_hard_c16_sx,2021-05-20 17:07:15,2021-05-20 17:13:31,47943ae,SX,2,16,32,,,,,,,,Pass,10.16,12.64
2998498,ior_hard_c16_sx,2021-05-25 11:18:33,2021-05-25 11:24:44,47943ae,SX,32,16,32,,,,,,,,Pass,77.53,96.36
2998612,ior_hard_c16_sx,2021-05-25 11:42:29,2021-05-25 11:48:36,47943ae,SX,64,16,32,,,,,,,,Pass,77.91,104.31
2988717,ior_hard_c16_sx,2021-05-20 17:12:03,2021-05-20 17:18:15,47943ae,SX,8,16,32,,,,,,,,Pass,36.39,46.33
3103064,ior_easy_1to4_sx,2021-06-15 12:45:31,2021-06-15 12:50:31,9fc56c0,SX,1,4,32,,1,1M,150G,0,1,,Pass,60,3.68,11.30
3103065,ior_easy_1to4_sx,2021-06-15 12:52:30,2021-06-15 12:57:47,9fc56c0,SX,2,8,32,,1,1M,150G,0,1,,Pass,60,7.31,22.47
3103055,ior_easy_1to4_sx,2021-06-15 12:47:48,2021-06-15 12:53:18,9fc56c0,SX,4,16,32,,1,1M,150G,0,1,,Pass,60,14.57,44.56
3103058,ior_easy_1to4_sx,2021-06-15 12:45:31,2021-06-15 12:51:14,9fc56c0,SX,8,32,32,,1,1M,150G,0,1,,Pass,60,28.47,86.96
3103061,ior_easy_c16_sx,2021-06-15 12:47:48,2021-06-15 12:53:11,9fc56c0,SX,1,16,32,,1,1M,150G,0,1,,Pass,60,3.58,11.31
3103063,ior_easy_c16_sx,2021-06-15 12:47:48,2021-06-15 12:53:03,9fc56c0,SX,2,16,32,,1,1M,150G,0,1,,Pass,60,7.22,22.33
3103060,ior_easy_c16_sx,2021-06-15 12:45:31,2021-06-15 12:50:54,9fc56c0,SX,8,16,32,,1,1M,150G,0,1,,Pass,60,29.10,87.13
3103056,ior_easy_c16_sx,2021-06-15 12:45:31,2021-06-15 12:50:51,9fc56c0,SX,16,16,32,,1,1M,150G,0,1,,Pass,60,57.79,154.88
3103057,ior_easy_c16_sx,2021-06-15 12:45:31,2021-06-15 12:51:29,9fc56c0,SX,32,16,32,,1,1M,150G,0,1,,Pass,60,105.70,160.15
3103062,ior_easy_c16_sx,2021-06-15 12:54:42,2021-06-15 13:01:30,9fc56c0,SX,64,16,32,,1,1M,150G,0,1,,Pass,60,161.97,149.41
3103512,ior_hard_1to4_sx,2021-06-15 14:19:05,2021-06-15 14:24:34,9fc56c0,SX,1,4,32,,2000000,47008,47008,0,1,,Pass,60,5.17,10.33
3103516,ior_hard_1to4_sx,2021-06-15 14:23:13,2021-06-15 14:28:31,9fc56c0,SX,2,8,32,,2000000,47008,47008,0,1,,Pass,60,9.83,20.73
3103508,ior_hard_1to4_sx,2021-06-15 14:39:27,2021-06-15 14:45:06,9fc56c0,SX,4,16,32,,2000000,47008,47008,0,1,,Pass,60,18.54,36.57
3103515,ior_hard_1to4_sx,2021-06-15 14:41:28,2021-06-15 14:47:16,9fc56c0,SX,8,32,32,,2000000,47008,47008,0,1,,Pass,60,35.16,67.35
3103513,ior_hard_c16_sx,2021-06-15 14:41:28,2021-06-15 14:46:56,9fc56c0,SX,1,16,32,,2000000,47008,47008,0,1,,Pass,60,5.10,10.62
3103514,ior_hard_c16_sx,2021-06-15 14:43:32,2021-06-15 14:49:02,9fc56c0,SX,2,16,32,,2000000,47008,47008,0,1,,Pass,60,9.84,20.58
3103510,ior_hard_c16_sx,2021-06-15 14:23:13,2021-06-15 14:28:38,9fc56c0,SX,8,16,32,,2000000,47008,47008,0,1,,Pass,60,34.93,71.67
3103511,ior_hard_c16_sx,2021-06-15 14:55:05,2021-06-15 15:00:46,9fc56c0,SX,16,16,32,,2000000,47008,47008,0,1,,Pass,60,54.41,98.94
3103509,ior_hard_c16_sx,2021-06-15 14:31:22,2021-06-15 14:37:32,9fc56c0,SX,32,16,32,,2000000,47008,47008,0,1,,Pass,60,73.57,102.46
3103814,ior_hard_c16_sx,2021-06-15 18:09:06,2021-06-15 18:15:28,9fc56c0,SX,64,16,32,,2000000,47008,47008,0,1,,Pass,60,73.75,101.16
3279814,ior_easy,2021-07-14 19:49:25,2021-07-14 19:58:40,e1da9ff,SX,1,16,16,32,,1,1M,150G,1048576,1048576,1,,Pass,60,11.40,11.12
3279816,ior_easy,2021-07-14 19:05:08,2021-07-14 19:12:05,e1da9ff,SX,1,16,4,32,,1,1M,150G,1048576,1048576,1,,Pass,60,11.30,10.83
3279815,ior_easy,2021-07-14 21:29:26,2021-07-14 21:36:06,e1da9ff,SX,2,16,8,32,,1,1M,150G,1048576,1048576,1,,Pass,60,21.63,22.17
3279817,ior_easy,2021-07-14 21:31:06,2021-07-14 21:39:26,e1da9ff,SX,2,16,16,32,,1,1M,150G,1048576,1048576,1,,Pass,60,21.83,21.95
3286122,ior_easy,2021-07-15 19:53:53,2021-07-15 19:59:23,e1da9ff,RP_2GX,2,16,16,32,,1,1M,150G,1048576,1048576,1,,Pass,60,10.83,21.25
3286125,ior_easy,2021-07-15 17:11:03,2021-07-15 17:18:13,e1da9ff,RP_2GX,2,16,8,32,,1,1M,150G,1048576,1048576,1,,Pass,60,10.74,21.96
3286127,ior_easy,2021-07-15 18:00:28,,e1da9ff,RP_3GX,2,16,8,32,,1,1M,150G,1048576,1048576,1,"did not finish,write failed,read failed",Fail,60,0.00,0.00
3293250,ior_easy,2021-07-16 16:52:15,2021-07-16 16:57:50,e1da9ff,EC_2P1GX,3,16,12,32,,1,2M,150G,2M,1048576,1,,Pass,60,21.31,24.93
3293251,ior_easy,2021-07-16 16:52:15,2021-07-16 16:57:40,e1da9ff,EC_2P1GX,3,16,16,32,,1,2M,150G,2M,1048576,1,,Pass,60,20.69,25.61
3293259,ior_easy,2021-07-16 16:54:20,2021-07-16 17:03:11,e1da9ff,S32,3,16,16,32,,1,2M,150G,1M,1048576,1,,Pass,60,32.27,31.45
3293260,ior_easy,2021-07-16 16:56:24,2021-07-16 17:03:36,e1da9ff,S32,3,16,12,32,,1,2M,150G,1M,1048576,1,,Pass,60,31.25,29.92
3279818,ior_easy,2021-07-14 21:26:11,2021-07-14 21:34:07,e1da9ff,SX,4,16,16,32,,1,1M,150G,1048576,1048576,1,,Pass,60,40.76,43.28
3286117,ior_easy,2021-07-15 17:16:17,2021-07-15 17:21:50,e1da9ff,RP_3GX,4,16,16,32,,1,1M,150G,1048576,1048576,1,,Pass,60,13.60,39.89
3286126,ior_easy,2021-07-16 05:14:57,2021-07-16 05:20:49,e1da9ff,RP_2GX,4,16,16,32,,1,1M,150G,1048576,1048576,1,,Pass,60,20.99,41.61
3293247,ior_easy,2021-07-16 16:52:15,2021-07-16 16:58:10,e1da9ff,EC_2P1GX,6,16,24,32,,1,2M,150G,2M,1048576,1,,Pass,60,39.73,50.50
3293249,ior_easy,2021-07-16 16:52:15,2021-07-16 16:58:02,e1da9ff,EC_2P1GX,6,16,16,32,,1,2M,150G,2M,1048576,1,,Pass,60,40.69,52.89
3293263,ior_easy,2021-07-16 16:54:20,2021-07-16 17:01:05,e1da9ff,S64,6,16,16,32,,1,2M,150G,1M,1048576,1,,Pass,60,60.80,61.03
3293264,ior_easy,2021-07-16 16:54:20,2021-07-16 17:01:28,e1da9ff,S64,6,16,24,32,,1,2M,150G,1M,1048576,1,,Pass,60,62.08,63.57
3329714,ior_easy,2021-07-23 17:16:21,2021-07-23 17:23:24,e1da9ff,S64,6,16,16,32,,1,4M,150G,1M,1048576,1,,Pass,60,61.16,65.32
3329814,ior_easy,2021-07-23 18:30:40,2021-07-23 18:36:16,e1da9ff,EC_4P2GX,6,16,24,32,,1,4M,150G,4M,1048576,1,,Pass,60,39.73,53.38
3329815,ior_easy,2021-07-23 17:19:52,2021-07-23 17:25:35,e1da9ff,EC_4P2GX,6,16,16,32,,1,4M,150G,4M,1048576,1,,Pass,60,40.56,55.88
3348428,ior_easy,2021-07-27 23:55:05,2021-07-27 23:58:19,e1da9ff,S64,6,16,24,32,,1,4M,150G,1M,1048576,1,"write failed,read failed",Fail,30,0.00,0.00
3279810,ior_easy,2021-07-14 21:32:55,2021-07-14 21:41:57,e1da9ff,SX,8,16,32,32,,1,1M,150G,1048576,1048576,1,,Pass,60,78.26,82.93
3279813,ior_easy,2021-07-14 21:24:32,2021-07-14 21:32:02,e1da9ff,SX,8,16,16,32,,1,1M,150G,1048576,1048576,1,,Pass,60,73.03,81.28
3286112,ior_easy,2021-07-15 17:08:35,2021-07-15 17:16:27,e1da9ff,RP_2GX,8,16,16,32,,1,1M,150G,1048576,1048576,1,,Pass,60,38.09,82.86
3286114,ior_easy,2021-07-15 18:42:34,2021-07-15 18:48:23,e1da9ff,RP_3GX,8,16,32,32,,1,1M,150G,1048576,1048576,1,,Pass,60,27.00,79.69
3286116,ior_easy,2021-07-15 17:11:03,2021-07-15 17:18:36,e1da9ff,RP_3GX,8,16,16,32,,1,1M,150G,1048576,1048576,1,,Pass,60,26.88,79.42
3286121,ior_easy,2021-07-16 01:15:08,2021-07-16 01:22:16,e1da9ff,RP_2GX,8,16,32,32,,1,1M,150G,1048576,1048576,1,,Pass,60,39.08,79.62
3329829,ior_easy,2021-07-23 18:30:40,2021-07-23 18:36:20,e1da9ff,EC_8P2GX,10,16,16,32,,1,8M,150G,8M,1048576,1,,Pass,60,75.68,72.47
3341155,ior_easy,2021-07-26 12:25:18,2021-07-26 12:28:18,e1da9ff,S128,10,16,16,32,,1,8M,150G,1M,1048576,1,"write failed,read failed",Fail,30,0.00,0.00
3293248,ior_easy,2021-07-16 16:52:15,2021-07-16 16:58:03,e1da9ff,EC_2P1GX,12,16,16,32,,1,2M,150G,2M,1048576,1,,Pass,60,73.98,88.26
3293266,ior_easy,2021-07-16 16:54:20,2021-07-16 17:00:23,e1da9ff,S128,12,16,16,32,,1,2M,150G,1M,1048576,1,,Pass,60,98.56,115.62
3329716,ior_easy,2021-07-23 17:19:52,2021-07-23 17:25:40,e1da9ff,S128,12,16,16,32,,1,4M,150G,1M,1048576,1,,Pass,60,111.18,126.66
3329811,ior_easy,2021-07-23 18:19:34,2021-07-23 18:25:27,e1da9ff,EC_4P2GX,12,16,16,32,,1,4M,150G,4M,1048576,1,,Pass,60,72.93,79.48
3279812,ior_easy,2021-07-15 01:15:17,2021-07-15 01:21:50,e1da9ff,SX,16,16,16,32,,1,1M,150G,1048576,1048576,1,,Pass,60,125.36,143.54
3286123,ior_easy,2021-07-16 06:27:16,2021-07-16 06:33:00,e1da9ff,RP_2GX,16,16,16,32,,1,1M,150G,1048576,1048576,1,,Pass,60,63.80,137.21
3286124,ior_easy,2021-07-16 06:47:43,2021-07-16 06:53:05,e1da9ff,RP_3GX,16,16,16,32,,1,1M,150G,1048576,1048576,1,,Pass,60,45.32,144.28
3293246,ior_easy,2021-07-16 16:52:15,2021-07-16 16:57:58,e1da9ff,EC_2P1GX,18,16,16,32,,1,2M,150G,2M,1048576,1,,Pass,60,97.38,70.79
3293269,ior_easy,2021-07-16 16:56:24,2021-07-16 17:02:16,e1da9ff,S192,18,16,16,32,,1,2M,150G,1M,1048576,1,,Pass,60,120.27,147.41
3329717,ior_easy,2021-07-23 17:27:13,2021-07-23 17:32:44,e1da9ff,S192,18,16,16,32,,1,4M,150G,1M,1048576,1,,Pass,60,154.48,129.74
3329810,ior_easy,2021-07-23 18:25:07,2021-07-23 18:30:43,e1da9ff,EC_4P2GX,18,16,16,32,,1,4M,150G,4M,1048576,1,,Pass,60,109.36,117.23
3329836,ior_easy,2021-07-23 18:49:50,2021-07-23 18:55:22,e1da9ff,EC_16P2GX,18,16,16,32,,1,16M,150G,16M,1048576,1,,Pass,60,154.01,96.45
3341156,ior_easy,2021-07-26 14:37:18,2021-07-26 14:40:35,e1da9ff,S256,18,16,16,32,,1,16M,150G,1M,1048576,1,"write failed,read failed",Fail,30,0.00,0.00
3329831,ior_easy,2021-07-23 18:33:27,2021-07-23 18:38:51,e1da9ff,EC_8P2GX,20,16,16,32,,1,8M,150G,8M,1048576,1,,Pass,60,138.10,109.16
3341157,ior_easy,2021-07-26 14:41:31,2021-07-26 14:44:43,e1da9ff,S256,20,16,16,32,,1,8M,150G,1M,1048576,1,"write failed,read failed",Fail,30,0.00,0.00
3293252,ior_easy,2021-07-16 16:52:15,2021-07-16 16:57:45,e1da9ff,EC_2P1GX,24,16,16,32,,1,2M,150G,2M,1048576,1,,Pass,60,105.01,113.25
3293271,ior_easy,2021-07-16 17:03:36,2021-07-16 17:08:55,e1da9ff,S256,24,16,16,32,,1,2M,150G,1M,1048576,1,,Pass,60,166.58,146.47
3329720,ior_easy,2021-07-23 17:50:41,2021-07-23 17:56:18,e1da9ff,S256,24,16,16,32,,1,4M,150G,1M,1048576,1,,Pass,60,176.18,111.98
3329812,ior_easy,2021-07-23 18:27:53,2021-07-23 18:33:29,e1da9ff,EC_4P2GX,24,16,16,32,,1,4M,150G,4M,1048576,1,,Pass,60,115.03,111.17
3329830,ior_easy,2021-07-23 19:06:28,2021-07-23 19:11:53,e1da9ff,EC_8P2GX,30,16,16,32,,1,8M,150G,8M,1048576,1,,Pass,60,136.34,110.84
3341159,ior_easy,2021-07-26 14:41:31,2021-07-26 14:44:38,e1da9ff,S384,30,16,16,32,,1,8M,150G,1M,1048576,1,"write failed,read failed",Fail,30,0.00,0.00
3279811,ior_easy,2021-07-15 00:53:59,2021-07-15 01:00:18,e1da9ff,SX,32,16,16,32,,1,1M,150G,1048576,1048576,1,,Pass,60,159.98,172.71
3286115,ior_easy,2021-07-15 19:04:53,2021-07-15 19:10:20,e1da9ff,RP_2GX,32,16,16,32,,1,1M,150G,1048576,1048576,1,,Pass,60,80.14,162.47
3286119,ior_easy,2021-07-16 05:14:57,2021-07-16 05:20:08,e1da9ff,RP_3GX,32,16,16,32,,1,1M,150G,1048576,1048576,1,,Pass,60,49.57,149.23
3329721,ior_easy,2021-07-23 18:13:56,2021-07-23 18:19:31,e1da9ff,S384,36,16,16,32,,1,4M,150G,1M,1048576,1,,Pass,60,175.69,144.88
3329813,ior_easy,2021-07-23 18:30:40,2021-07-23 18:36:25,e1da9ff,EC_4P2GX,36,16,16,32,,1,4M,150G,4M,1048576,1,,Pass,60,92.83,108.96
3329837,ior_easy,2021-07-23 19:06:28,2021-07-23 19:11:53,e1da9ff,EC_16P2GX,36,16,16,32,,1,16M,150G,16M,1048576,1,,Pass,60,152.21,90.95
3341160,ior_easy,2021-07-26 14:41:32,2021-07-26 14:44:43,e1da9ff,S512,36,16,16,32,,1,16M,150G,1M,1048576,1,"write failed,read failed",Fail,30,0.00,0.00
3279809,ior_easy,2021-07-15 01:04:37,2021-07-15 01:11:09,e1da9ff,SX,64,16,16,32,,1,1M,150G,1048576,1048576,1,,Pass,60,151.80,159.57
3286113,ior_easy,2021-07-16 06:49:59,2021-07-16 06:55:14,e1da9ff,RP_3GX,64,16,16,32,,1,1M,150G,1048576,1048576,1,,Pass,60,52.21,143.38
3286120,ior_easy,2021-07-16 06:59:48,2021-07-16 07:05:29,e1da9ff,RP_2GX,64,16,16,32,,1,1M,150G,1048576,1048576,1,,Pass,60,75.75,147.05
3283988,ior_hard,2021-07-15 10:38:24,2021-07-15 10:44:58,e1da9ff,SX,1,16,16,32,,2000000,47008,47008,1048576,1048576,1,,Pass,60,9.55,10.61
3283998,ior_hard,2021-07-15 10:36:39,2021-07-15 10:43:24,e1da9ff,SX,1,16,4,32,,2000000,47008,47008,1048576,1048576,1,,Pass,60,10.18,11.00
3283989,ior_hard,2021-07-15 10:38:24,2021-07-15 10:45:03,e1da9ff,SX,2,16,16,32,,2000000,47008,47008,1048576,1048576,1,,Pass,60,19.06,18.78
3283994,ior_hard,2021-07-15 11:07:36,2021-07-15 11:13:47,e1da9ff,SX,2,16,8,32,,2000000,47008,47008,1048576,1048576,1,,Pass,60,20.45,21.75
3313064,ior_hard,2021-07-20 18:56:03,2021-07-20 19:01:28,e1da9ff,S32,3,16,16,32,,2000000,47008,47008,1M,1048576,1,,Pass,60,20.42,28.91
3313065,ior_hard,2021-07-20 18:56:03,2021-07-20 19:01:26,e1da9ff,S32,3,16,12,32,,2000000,47008,47008,1M,1048576,1,,Pass,60,20.57,30.65
3313086,ior_hard,2021-07-20 19:04:25,2021-07-20 19:09:08,e1da9ff,EC_2P1GX,3,16,12,32,,2000000,47008,47008,2M,1048576,1,,Pass,60,8.43,25.72
3313088,ior_hard,2021-07-20 19:07:08,2021-07-20 19:11:50,e1da9ff,EC_2P1GX,3,16,16,32,,2000000,47008,47008,2M,1048576,1,,Pass,60,8.24,28.62
3284000,ior_hard,2021-07-15 11:42:20,2021-07-15 11:48:51,e1da9ff,SX,4,16,16,32,,2000000,47008,47008,1048576,1048576,1,,Pass,60,37.23,39.84
3286184,ior_hard,2021-07-16 06:14:06,2021-07-16 06:18:49,e1da9ff,RP_3GX,4,16,16,32,,2000000,47008,47008,1048576,1048576,1,,Pass,60,6.44,33.71
3286186,ior_hard,2021-07-16 06:54:53,2021-07-16 06:59:56,e1da9ff,RP_2GX,4,16,16,32,,2000000,47008,47008,1048576,1048576,1,,Pass,60,12.05,35.37
3313067,ior_hard,2021-07-20 19:13:01,2021-07-20 19:18:12,e1da9ff,S64,6,16,16,32,,2000000,47008,47008,1M,1048576,1,,Pass,60,40.44,57.35
3313068,ior_hard,2021-07-20 19:24:10,2021-07-20 19:29:22,e1da9ff,S64,6,16,24,32,,2000000,47008,47008,1M,1048576,1,,Pass,60,38.70,55.00
3313084,ior_hard,2021-07-20 19:15:58,2021-07-20 19:20:43,e1da9ff,EC_2P1GX,6,16,16,32,,2000000,47008,47008,2M,1048576,1,,Pass,60,16.13,50.96
3313089,ior_hard,2021-07-20 21:15:57,2021-07-20 21:20:33,e1da9ff,EC_2P1GX,6,16,24,32,,2000000,47008,47008,2M,1048576,1,,Pass,60,12.85,41.77
3329869,ior_hard,2021-07-23 20:13:09,2021-07-23 20:18:03,e1da9ff,EC_4P2GX,6,16,24,32,,2000000,47008,47008,4M,1048576,1,,Pass,60,7.19,39.65
3329870,ior_hard,2021-07-23 17:50:44,2021-07-23 17:55:20,e1da9ff,EC_4P2GX,6,16,16,32,,2000000,47008,47008,4M,1048576,1,,Pass,60,7.73,46.97
3283992,ior_hard,2021-07-15 11:31:57,2021-07-15 11:38:35,e1da9ff,SX,8,16,32,32,,2000000,47008,47008,1048576,1048576,1,,Pass,60,70.02,76.78
3283997,ior_hard,2021-07-15 11:35:00,2021-07-15 11:41:17,e1da9ff,SX,8,16,16,32,,2000000,47008,47008,1048576,1048576,1,,Pass,60,70.97,70.48
3286175,ior_hard,2021-07-16 07:04:53,2021-07-16 07:09:46,e1da9ff,RP_3GX,8,16,32,32,,2000000,47008,47008,1048576,1048576,1,,Pass,60,10.44,55.42
3286178,ior_hard,2021-07-16 07:15:17,2021-07-16 07:20:26,e1da9ff,RP_2GX,8,16,32,32,,2000000,47008,47008,1048576,1048576,1,,Pass,60,17.71,63.31
3286179,ior_hard,2021-07-16 06:19:24,2021-07-16 06:24:26,e1da9ff,RP_2GX,8,16,16,32,,2000000,47008,47008,1048576,1048576,1,,Pass,60,21.18,68.23
3286180,ior_hard,2021-07-16 06:40:09,2021-07-16 06:44:55,e1da9ff,RP_3GX,8,16,16,32,,2000000,47008,47008,1048576,1048576,1,,Pass,60,12.72,66.86
3329851,ior_hard,2021-07-23 19:06:28,2021-07-23 19:11:54,e1da9ff,S128,10,16,16,32,,2000000,47008,47008,1M,1048576,1,,Pass,60,75.12,65.22
3329877,ior_hard,2021-07-23 19:09:11,2021-07-23 19:13:41,e1da9ff,EC_8P2GX,10,16,16,32,,2000000,47008,47008,8M,1048576,1,,Pass,60,8.50,64.33
3313070,ior_hard,2021-07-20 20:40:26,2021-07-20 20:45:50,e1da9ff,S128,12,16,16,32,,2000000,47008,47008,1M,1048576,1,,Pass,60,75.86,90.13
3313087,ior_hard,2021-07-20 21:04:54,2021-07-20 21:09:25,e1da9ff,EC_2P1GX,12,16,16,32,,2000000,47008,47008,2M,1048576,1,,Pass,60,26.79,83.94
3329871,ior_hard,2021-07-23 20:13:09,2021-07-23 20:17:53,e1da9ff,EC_4P2GX,12,16,16,32,,2000000,47008,47008,4M,1048576,1,,Pass,60,13.91,81.84
3283993,ior_hard,2021-07-15 11:45:09,2021-07-15 11:51:37,e1da9ff,SX,16,16,16,32,,2000000,47008,47008,1048576,1048576,1,,Pass,60,91.29,101.84
3286176,ior_hard,2021-07-16 07:15:17,2021-07-16 07:20:16,e1da9ff,RP_3GX,16,16,16,32,,2000000,47008,47008,1048576,1048576,1,,Pass,60,22.22,90.33
3286182,ior_hard,2021-07-16 07:31:12,2021-07-16 07:36:40,e1da9ff,RP_2GX,16,16,16,32,,2000000,47008,47008,1048576,1048576,1,,Pass,60,40.12,94.73
3313071,ior_hard,2021-07-20 20:49:21,2021-07-20 20:54:47,e1da9ff,S192,18,16,16,32,,2000000,47008,47008,1M,1048576,1,,Pass,60,88.05,103.07
3313083,ior_hard,2021-07-20 20:56:04,2021-07-20 21:00:44,e1da9ff,EC_2P1GX,18,16,16,32,,2000000,47008,47008,2M,1048576,1,,Pass,60,34.04,91.89
3329859,ior_hard,2021-07-23 19:17:23,2021-07-23 19:22:46,e1da9ff,S256,18,16,16,32,,2000000,47008,47008,1M,1048576,1,,Pass,60,92.58,108.07
3329866,ior_hard,2021-07-23 20:13:09,2021-07-23 20:17:58,e1da9ff,EC_4P2GX,18,16,16,32,,2000000,47008,47008,4M,1048576,1,,Pass,60,17.89,93.23
3329889,ior_hard,2021-07-23 20:20:46,2021-07-23 20:25:23,e1da9ff,EC_16P2GX,18,16,16,32,,2000000,47008,47008,16M,1048576,1,,Pass,60,8.46,72.74
3341210,ior_hard,2021-07-26 14:52:00,2021-07-26 14:57:17,e1da9ff,S256,20,16,16,32,,2000000,47008,47008,1M,1048576,1,,Pass,60,96.88,117.67
3341270,ior_hard,2021-07-26 15:02:28,2021-07-26 15:07:16,e1da9ff,EC_8P2GX,20,16,16,32,,2000000,47008,47008,8M,1048576,1,,Pass,60,16.43,91.53
3313072,ior_hard,2021-07-20 20:58:21,2021-07-20 21:03:49,e1da9ff,S256,24,16,16,32,,2000000,47008,47008,1M,1048576,1,,Pass,60,92.68,107.50
3313085,ior_hard,2021-07-20 21:06:57,2021-07-20 21:11:39,e1da9ff,EC_2P1GX,24,16,16,32,,2000000,47008,47008,2M,1048576,1,,Pass,60,38.09,99.47
3341281,ior_hard,2021-07-26 15:02:28,2021-07-26 15:07:20,e1da9ff,EC_4P2GX,24,16,16,32,,2000000,47008,47008,4M,1048576,1,,Pass,60,25.29,99.92
3341284,ior_hard,2021-07-26 15:05:51,2021-07-26 15:11:12,e1da9ff,S384,30,16,16,32,,2000000,47008,47008,1M,1048576,1,,Pass,60,100.21,118.76
3341285,ior_hard,2021-07-26 15:05:51,2021-07-26 15:10:19,e1da9ff,EC_8P2GX,30,16,16,32,,2000000,47008,47008,8M,1048576,1,,Pass,60,21.50,93.51
3284006,ior_hard,2021-07-15 12:47:16,2021-07-15 12:54:35,e1da9ff,SX,32,16,16,32,,2000000,47008,47008,1048576,1048576,1,,Pass,60,91.41,107.49
3286177,ior_hard,2021-07-16 07:15:17,2021-07-16 07:20:34,e1da9ff,RP_3GX,32,16,16,32,,2000000,47008,47008,1048576,1048576,1,,Pass,60,38.80,105.92
3286185,ior_hard,2021-07-16 07:33:56,2021-07-16 07:39:32,e1da9ff,RP_2GX,32,16,16,32,,2000000,47008,47008,1048576,1048576,1,,Pass,60,52.67,100.83
3329863,ior_hard,2021-07-23 19:25:58,2021-07-23 19:31:31,e1da9ff,S384,36,16,16,32,,2000000,47008,47008,1M,1048576,1,,Pass,60,99.92,118.56
3329864,ior_hard,2021-07-23 19:34:37,2021-07-23 19:40:13,e1da9ff,S512,36,16,16,32,,2000000,47008,47008,1M,1048576,1,,Pass,60,98.46,117.83
3329867,ior_hard,2021-07-23 20:13:09,2021-07-23 20:18:03,e1da9ff,EC_4P2GX,36,16,16,32,,2000000,47008,47008,4M,1048576,1,,Pass,60,27.25,98.20
3341286,ior_hard,2021-07-26 16:23:08,2021-07-26 16:29:30,e1da9ff,EC_16P2GX,36,16,16,32,,2000000,47008,47008,16M,1048576,1,,Pass,60,16.01,83.70
3284007,ior_hard,2021-07-15 14:03:57,2021-07-15 14:10:16,e1da9ff,SX,64,16,16,32,,2000000,47008,47008,1048576,1048576,1,,Pass,60,84.02,104.87
3286181,ior_hard,2021-07-16 07:15:17,2021-07-16 07:20:54,e1da9ff,RP_2GX,64,16,16,32,,2000000,47008,47008,1048576,1048576,1,,Pass,60,56.96,98.84
3286183,ior_hard,2021-07-16 07:44:35,2021-07-16 07:50:10,e1da9ff,RP_3GX,64,16,16,32,,2000000,47008,47008,1048576,1048576,1,,Pass,60,44.26,100.37
3382229,ior_easy,2021-08-04 12:30:17,2021-08-04 12:37:39,5996209,SX,1,16,4,32,,1,1M,150G,1M,1048576,1,,Pass,60,11.32,11.45
3382253,ior_easy,2021-08-04 12:31:50,2021-08-04 12:42:09,5996209,SX,1,16,16,32,,1,1M,150G,1M,1048576,1,,Pass,60,11.33,11.41
3382236,ior_easy,2021-08-04 12:31:50,2021-08-04 12:39:38,5996209,SX,2,16,8,32,,1,1M,150G,1M,1048576,1,,Pass,60,21.76,22.72
3382246,ior_easy,2021-08-04 12:31:50,2021-08-04 12:39:42,5996209,SX,2,16,16,32,,1,1M,150G,1M,1048576,1,,Pass,60,22.00,22.49
3382220,ior_easy,2021-08-04 12:31:50,2021-08-04 12:39:39,5996209,SX,4,16,16,32,,1,1M,150G,1M,1048576,1,,Pass,60,31.73,44.64
3382223,ior_easy,2021-08-04 12:31:50,2021-08-04 12:39:27,5996209,SX,8,16,16,32,,1,1M,150G,1M,1048576,1,,Pass,60,75.70,63.59
3382238,ior_easy,2021-08-04 12:31:50,2021-08-04 12:41:41,5996209,SX,8,16,32,32,,1,1M,150G,1M,1048576,1,,Pass,60,82.35,89.03
3382227,ior_easy,2021-08-04 12:31:50,2021-08-04 12:39:00,5996209,SX,16,16,16,32,,1,1M,150G,1M,1048576,1,,Pass,60,106.48,146.75
3382247,ior_easy,2021-08-04 12:31:50,2021-08-04 12:38:11,5996209,SX,32,16,16,32,,1,1M,150G,1M,1048576,1,,Pass,60,111.63,152.71
3382239,ior_easy,2021-08-04 12:31:50,2021-08-04 12:39:00,5996209,SX,64,16,16,32,,1,1M,150G,1M,1048576,1,,Pass,60,122.08,156.80
3382215,ior_hard,2021-08-04 12:30:17,2021-08-04 12:36:42,5996209,SX,1,16,4,32,,2000000,47008,47008,1M,1048576,1,,Pass,60,10.36,11.26
3382234,ior_hard,2021-08-04 12:31:50,2021-08-04 12:38:54,5996209,SX,1,16,16,32,,2000000,47008,47008,1M,1048576,1,,Pass,60,9.65,11.08
3382237,ior_hard,2021-08-04 12:31:50,2021-08-04 12:38:32,5996209,SX,2,16,16,32,,2000000,47008,47008,1M,1048576,1,,Pass,60,18.95,21.93
3382251,ior_hard,2021-08-04 12:31:50,2021-08-04 12:38:57,5996209,SX,2,16,8,32,,2000000,47008,47008,1M,1048576,1,,Pass,60,20.56,22.20
3382252,ior_hard,2021-08-04 12:31:50,2021-08-04 12:38:24,5996209,SX,4,16,16,32,,2000000,47008,47008,1M,1048576,1,,Pass,60,37.57,43.08
3382219,ior_hard,2021-08-04 12:31:50,2021-08-04 12:38:20,5996209,SX,8,16,16,32,,2000000,47008,47008,1M,1048576,1,,Pass,60,67.37,82.85
3382230,ior_hard,2021-08-04 12:31:50,2021-08-04 12:39:00,5996209,SX,8,16,32,32,,2000000,47008,47008,1M,1048576,1,,Pass,60,68.04,80.40
3382245,ior_hard,2021-08-04 12:31:50,2021-08-04 12:38:25,5996209,SX,16,16,16,32,,2000000,47008,47008,1M,1048576,1,,Pass,60,71.05,96.08
3382243,ior_hard,2021-08-04 12:31:50,2021-08-04 12:38:05,5996209,SX,32,16,16,32,,2000000,47008,47008,1M,1048576,1,,Pass,60,67.85,107.27
3382231,ior_hard,2021-08-04 12:31:50,2021-08-04 12:38:16,5996209,SX,64,16,16,32,,2000000,47008,47008,1M,1048576,1,,Pass,60,47.79,94.20
3461630,ior_easy,2021-08-26 21:14:07,2021-08-26 21:22:14,0a73d3e,SX,1,16,16,32,,1,1M,150G,1M,1048576,1,,Pass,60,11.37,11.38
3461656,ior_easy,2021-08-26 18:46:13,2021-08-26 18:52:55,0a73d3e,SX,1,16,4,32,,1,1M,150G,1M,1048576,1,,Pass,60,11.19,11.29
3461629,ior_easy,2021-08-26 20:55:51,2021-08-26 21:02:46,0a73d3e,SX,2,16,16,32,,1,1M,150G,1M,1048576,1,,Pass,60,21.70,22.43
3461642,ior_easy,2021-08-26 19:20:12,2021-08-26 19:27:40,0a73d3e,SX,2,16,8,32,,1,1M,150G,1M,1048576,1,,Pass,60,21.75,22.68
3479576,ior_easy,2021-09-02 01:29:34,2021-09-02 01:33:40,0a73d3e,RP_2GX,2,16,16,32,,1,1M,150G,1M,1M,1,,Pass,30,10.43,21.85
3479591,ior_easy,2021-09-01 19:25:17,2021-09-01 19:29:27,0a73d3e,RP_2GX,2,16,8,32,,1,1M,150G,1M,1M,1,,Pass,30,10.68,22.24
3471038,ior_easy,2021-08-30 18:46:12,2021-08-30 18:51:52,0a73d3e,EC_2P1GX,3,16,12,32,,1,2M,150G,2M,1M,1,,Pass,60,21.24,33.02
3471040,ior_easy,2021-08-30 18:46:11,2021-08-30 18:52:12,0a73d3e,EC_2P1GX,3,16,16,32,,1,2M,150G,2M,1M,1,,Pass,60,20.64,27.96
3471044,ior_easy,2021-08-30 18:51:26,2021-08-30 18:58:38,0a73d3e,S32,3,16,16,32,,1,2M,150G,1M,1M,1,,Pass,60,32.23,30.80
3471045,ior_easy,2021-08-30 18:51:26,2021-08-30 18:58:03,0a73d3e,S32,3,16,12,32,,1,2M,150G,1M,1M,1,,Pass,60,31.79,33.02
3461653,ior_easy,2021-08-26 22:50:59,2021-08-26 22:58:32,0a73d3e,SX,4,16,16,32,,1,1M,150G,1M,1048576,1,,Pass,60,41.97,44.83
3479562,ior_easy,2021-09-01 21:51:04,2021-09-01 21:55:08,0a73d3e,RP_3GX,4,16,16,32,,1,1M,150G,1M,1M,1,,Pass,30,12.90,39.90
3479587,ior_easy,2021-09-02 02:04:52,2021-09-02 02:09:32,0a73d3e,RP_2GX,4,16,16,32,,1,1M,150G,1M,1M,1,,Pass,30,20.47,43.59
3479589,ior_easy,2021-09-02 02:07:10,2021-09-02 02:11:42,0a73d3e,RP_2GX,4,16,16,32,,1,1M,150G,1M,1M,1,,Pass,30,20.56,43.70
3471037,ior_easy,2021-08-30 18:46:11,2021-08-30 18:51:47,0a73d3e,EC_2P1GX,6,16,16,32,,1,2M,150G,2M,1M,1,,Pass,60,40.56,60.08
3471039,ior_easy,2021-08-30 18:46:11,2021-08-30 18:52:32,0a73d3e,EC_2P1GX,6,16,24,32,,1,2M,150G,2M,1M,1,,Pass,60,40.77,55.17
3471047,ior_easy,2021-08-30 18:51:26,2021-08-30 18:58:23,0a73d3e,S64,6,16,24,32,,1,2M,150G,1M,1M,1,,Pass,60,60.44,64.63
3471048,ior_easy,2021-08-30 18:51:26,2021-08-30 18:58:33,0a73d3e,S64,6,16,16,32,,1,2M,150G,1M,1M,1,,Pass,60,59.52,65.56
3474117,ior_easy,2021-08-31 17:34:42,2021-08-31 17:41:06,0a73d3e,EC_4P2GX,6,16,24,32,,1,4M,150G,4M,1M,1,,Pass,60,39.76,51.20
3474131,ior_easy,2021-08-31 17:45:13,2021-08-31 17:51:35,0a73d3e,EC_4P2GX,6,16,16,32,,1,4M,150G,4M,1M,1,,Pass,60,40.95,57.75
3474257,ior_easy,2021-08-31 18:24:49,2021-08-31 18:31:37,0a73d3e,S64,6,16,16,32,,1,4M,150G,1M,1M,1,,Pass,60,61.37,65.58
3478036,ior_easy,2021-09-01 10:21:04,2021-09-01 10:26:41,0a73d3e,S64,6,16,16,32,,1,4M,150G,1M,1M,1,,Pass,30,57.08,64.94
3461643,ior_easy,2021-08-26 23:05:51,2021-08-26 23:13:35,0a73d3e,SX,8,16,32,32,,1,1M,150G,1M,1048576,1,,Pass,60,82.58,88.29
3461662,ior_easy,2021-08-26 23:30:37,2021-08-26 23:37:35,0a73d3e,SX,8,16,16,32,,1,1M,150G,1M,1048576,1,,Pass,60,74.49,87.76
3479567,ior_easy,2021-09-02 01:46:51,2021-09-02 01:51:13,0a73d3e,RP_3GX,8,16,32,32,,1,1M,150G,1M,1M,1,,Pass,30,24.28,70.20
3479568,ior_easy,2021-09-02 01:35:35,2021-09-02 01:40:19,0a73d3e,RP_3GX,8,16,16,32,,1,1M,150G,1M,1M,1,,Pass,30,25.03,75.54
3479581,ior_easy,2021-09-02 02:08:16,2021-09-02 02:12:58,0a73d3e,RP_2GX,8,16,16,32,,1,1M,150G,1M,1M,1,,Pass,30,38.19,87.11
3479588,ior_easy,2021-09-02 02:10:27,2021-09-02 02:15:20,0a73d3e,RP_2GX,8,16,32,32,,1,1M,150G,1M,1M,1,,Pass,30,39.92,84.56
3474177,ior_easy,2021-08-31 17:53:31,2021-08-31 17:59:53,0a73d3e,EC_8P2GX,10,16,16,32,,1,8M,150G,8M,1M,1,,Pass,60,81.29,86.01
3481327,ior_easy,2021-09-02 14:47:37,2021-09-02 14:50:52,0a73d3e,S128,10,16,16,32,,1,8M,150G,1M,1M,1,"write failed,read failed",Fail,10,0.00,0.00
3471036,ior_easy,2021-08-30 18:46:11,2021-08-30 18:52:32,0a73d3e,EC_2P1GX,12,16,16,32,,1,2M,150G,2M,1M,1,,Pass,60,69.94,117.25
3471050,ior_easy,2021-08-30 18:51:26,2021-08-30 18:58:13,0a73d3e,S128,12,16,16,32,,1,2M,150G,1M,1M,1,,Pass,60,105.42,127.47
3474125,ior_easy,2021-08-31 17:34:42,2021-08-31 17:41:29,0a73d3e,EC_4P2GX,12,16,16,32,,1,4M,150G,4M,1M,1,,Pass,60,66.84,90.45
3474262,ior_easy,2021-08-31 18:26:58,2021-08-31 18:33:45,0a73d3e,S128,12,16,16,32,,1,4M,150G,1M,1M,1,,Pass,60,114.17,111.41
3461625,ior_easy,2021-08-26 21:05:52,2021-08-26 21:12:24,0a73d3e,SX,16,16,16,32,,1,1M,150G,1M,1048576,1,,Pass,60,128.25,152.89
3479569,ior_easy,2021-09-02 01:52:38,2021-09-02 01:56:49,0a73d3e,RP_3GX,16,16,16,32,,1,1M,150G,1M,1M,1,,Pass,30,44.87,142.50
3479579,ior_easy,2021-09-02 02:04:52,2021-09-02 02:09:07,0a73d3e,RP_2GX,16,16,16,32,,1,1M,150G,1M,1M,1,,Pass,30,66.28,153.48
3471041,ior_easy,2021-08-30 18:46:11,2021-08-30 18:52:27,0a73d3e,EC_2P1GX,18,16,16,32,,1,2M,150G,2M,1M,1,,Pass,60,84.33,138.82
3471051,ior_easy,2021-08-30 18:51:27,2021-08-30 18:57:55,0a73d3e,S192,18,16,16,32,,1,2M,150G,1M,1M,1,,Pass,60,153.57,152.56
3474129,ior_easy,2021-08-31 17:47:15,2021-08-31 17:53:52,0a73d3e,EC_4P2GX,18,16,16,32,,1,4M,150G,4M,1M,1,,Pass,60,80.99,111.96
3474188,ior_easy,2021-08-31 17:57:32,2021-08-31 18:03:39,0a73d3e,EC_16P2GX,18,16,16,32,,1,16M,150G,16M,1M,1,,Pass,60,154.13,115.59
3474264,ior_easy,2021-08-31 18:26:58,2021-08-31 18:33:16,0a73d3e,S192,18,16,16,32,,1,4M,150G,1M,1M,1,,Pass,60,157.72,112.90
3481309,ior_easy,2021-09-02 15:10:51,2021-09-02 15:14:04,0a73d3e,S256,18,16,16,32,,1,16M,150G,1M,1M,1,"write failed,read failed",Fail,10,0.00,0.00
3474178,ior_easy,2021-08-31 17:53:31,2021-08-31 17:59:38,0a73d3e,EC_8P2GX,20,16,16,32,,1,8M,150G,8M,1M,1,,Pass,60,138.15,115.68
3480575,ior_easy,2021-09-02 11:20:21,2021-09-02 11:23:17,0a73d3e,S256,20,16,16,32,,1,8M,150G,1M,1M,1,"write failed,read failed",Fail,20,0.00,0.00
3481329,ior_easy,2021-09-02 15:14:40,2021-09-02 15:17:44,0a73d3e,S256,20,16,16,32,,1,8M,150G,1M,1M,1,"write failed,read failed",Fail,10,0.00,0.00
3471035,ior_easy,2021-08-30 18:46:11,2021-08-30 18:52:40,0a73d3e,EC_2P1GX,24,16,16,32,,1,2M,150G,2M,1M,1,,Pass,60,82.01,126.83
3471052,ior_easy,2021-08-30 18:51:29,2021-08-30 18:58:00,0a73d3e,S256,24,16,16,32,,1,2M,150G,1M,1M,1,,Pass,60,163.95,126.17
3474128,ior_easy,2021-08-31 17:43:18,2021-08-31 17:49:27,0a73d3e,EC_4P2GX,24,16,16,32,,1,4M,150G,4M,1M,1,,Pass,60,117.32,126.06
3478048,ior_easy,2021-09-01 19:49:03,2021-09-01 19:53:46,0a73d3e,S256,24,16,16,32,,1,4M,150G,1M,1M,1,,Pass,30,173.24,120.86
3474184,ior_easy,2021-08-31 17:57:32,2021-08-31 18:03:47,0a73d3e,EC_8P2GX,30,16,16,32,,1,8M,150G,8M,1M,1,,Pass,60,133.85,109.94
3481330,ior_easy,2021-09-02 15:40:55,2021-09-02 15:44:14,0a73d3e,S384,30,16,16,32,,1,8M,150G,1M,1M,1,"write failed,read failed",Fail,10,0.00,0.00
3461655,ior_easy,2021-08-27 00:48:22,2021-08-27 00:54:22,0a73d3e,SX,32,16,16,32,,1,1M,150G,1M,1048576,1,,Pass,60,171.97,156.22
3479566,ior_easy,2021-09-02 01:49:07,,0a73d3e,RP_3GX,32,16,16,32,,1,1M,150G,1M,1M,1,"did not finish,write failed,read failed",Fail,30,0.00,0.00
3479577,ior_easy,2021-09-02 01:58:14,2021-09-02 02:02:29,0a73d3e,RP_2GX,32,16,16,32,,1,1M,150G,1M,1M,1,,Pass,30,83.06,149.90
3474120,ior_easy,2021-08-31 17:32:14,2021-08-31 17:38:40,0a73d3e,EC_4P2GX,36,16,16,32,,1,4M,150G,4M,1M,1,,Pass,60,117.67,123.77
3474195,ior_easy,2021-08-31 18:05:54,2021-08-31 18:12:11,0a73d3e,EC_16P2GX,36,16,16,32,,1,16M,150G,16M,1M,1,,Pass,60,154.96,93.27
3474271,ior_easy,2021-08-31 18:31:31,2021-08-31 18:37:45,0a73d3e,S384,36,16,16,32,,1,4M,150G,1M,1M,1,,Pass,60,176.73,124.33
3481321,ior_easy,2021-09-02 15:44:19,2021-09-02 15:47:25,0a73d3e,S512,36,16,16,32,,1,16M,150G,1M,1M,1,"write failed,read failed",Fail,10,0.00,0.00
3461648,ior_easy,2021-08-27 08:50:24,2021-08-27 08:57:08,0a73d3e,SX,64,16,16,32,,1,1M,150G,1M,1048576,1,,Pass,60,169.15,148.04
3479570,ior_easy,2021-09-02 02:19:37,2021-09-02 02:23:48,0a73d3e,RP_3GX,64,16,16,32,,1,1M,150G,1M,1M,1,,Pass,30,51.16,129.73
3479583,ior_easy,2021-09-02 02:25:59,2021-09-02 02:30:13,0a73d3e,RP_2GX,64,16,16,32,,1,1M,150G,1M,1M,1,,Pass,30,72.36,145.26
3461661,ior_hard,2021-08-26 18:53:56,2021-08-26 18:59:31,0a73d3e,SX,1,16,4,32,,2000000,47008,47008,1M,1048576,1,,Pass,60,9.57,11.23
3461664,ior_hard,2021-08-26 22:56:36,2021-08-26 23:02:24,0a73d3e,SX,1,16,16,32,,2000000,47008,47008,1M,1048576,1,,Pass,60,8.84,11.05
3461639,ior_hard,2021-08-26 18:48:41,2021-08-26 18:54:54,0a73d3e,SX,2,16,8,32,,2000000,47008,47008,1M,1048576,1,,Pass,60,18.84,21.87
3461640,ior_hard,2021-08-26 22:06:29,2021-08-26 22:12:16,0a73d3e,SX,2,16,16,32,,2000000,47008,47008,1M,1048576,1,,Pass,60,17.41,21.78
3479586,ior_hard,2021-09-02 01:52:38,2021-09-02 01:56:27,0a73d3e,RP_2GX,2,16,16,32,,2000000,47008,47008,1M,1M,1,,Pass,30,4.15,17.67
3479590,ior_hard,2021-09-01 19:23:40,2021-09-01 19:27:19,0a73d3e,RP_2GX,2,16,8,32,,2000000,47008,47008,1M,1M,1,,Pass,30,5.35,19.62
3471055,ior_hard,2021-08-30 18:51:29,2021-08-30 18:56:19,0a73d3e,EC_2P1GX,3,16,12,32,,2000000,47008,47008,2M,1M,1,,Pass,60,7.76,29.58
3471059,ior_hard,2021-08-30 18:51:29,2021-08-30 18:56:11,0a73d3e,EC_2P1GX,3,16,16,32,,2000000,47008,47008,2M,1M,1,,Pass,60,6.24,25.07
3471060,ior_hard,2021-08-30 18:51:29,2021-08-30 18:56:58,0a73d3e,S32,3,16,12,32,,2000000,47008,47008,1M,1M,1,,Pass,60,19.44,31.27
3471061,ior_hard,2021-08-30 18:51:29,2021-08-30 18:56:58,0a73d3e,S32,3,16,16,32,,2000000,47008,47008,1M,1M,1,,Pass,60,18.59,31.36
3461635,ior_hard,2021-08-26 21:25:13,2021-08-26 21:31:10,0a73d3e,SX,4,16,16,32,,2000000,47008,47008,1M,1048576,1,,Pass,60,34.46,42.46
3479563,ior_hard,2021-09-01 21:51:04,2021-09-01 21:54:38,0a73d3e,RP_3GX,4,16,16,32,,2000000,47008,47008,1M,1M,1,,Pass,30,4.68,27.07
3480698,ior_hard,2021-09-02 13:37:50,2021-09-02 13:41:59,0a73d3e,RP_2GX,4,16,16,32,,2000000,47008,47008,1M,1M,1,,Pass,30,10.42,35.66
3471054,ior_hard,2021-08-30 18:51:28,2021-08-30 18:56:19,0a73d3e,EC_2P1GX,6,16,16,32,,2000000,47008,47008,2M,1M,1,,Pass,60,14.43,51.33
3471058,ior_hard,2021-08-30 18:51:29,2021-08-30 18:56:29,0a73d3e,EC_2P1GX,6,16,24,32,,2000000,47008,47008,2M,1M,1,,Pass,60,12.95,47.64
3471062,ior_hard,2021-08-30 18:51:29,2021-08-30 18:57:01,0a73d3e,S64,6,16,24,32,,2000000,47008,47008,1M,1M,1,,Pass,60,37.00,59.46
3471063,ior_hard,2021-08-30 18:51:29,2021-08-30 18:56:59,0a73d3e,S64,6,16,16,32,,2000000,47008,47008,1M,1M,1,,Pass,60,37.82,60.37
3474126,ior_hard,2021-08-31 17:34:42,2021-08-31 17:39:25,0a73d3e,EC_4P2GX,6,16,24,32,,2000000,47008,47008,4M,1M,1,,Pass,60,7.36,44.19
3474134,ior_hard,2021-08-31 17:47:15,2021-08-31 17:51:36,0a73d3e,EC_4P2GX,6,16,16,32,,2000000,47008,47008,4M,1M,1,,Pass,60,6.55,43.30
3461652,ior_hard,2021-08-26 23:16:41,2021-08-26 23:22:37,0a73d3e,SX,8,16,32,32,,2000000,47008,47008,1M,1048576,1,,Pass,60,62.66,81.24
3461658,ior_hard,2021-08-26 23:13:03,2021-08-26 23:18:37,0a73d3e,SX,8,16,16,32,,2000000,47008,47008,1M,1048576,1,,Pass,60,62.17,81.15
3480699,ior_hard,2021-09-02 13:37:50,2021-09-02 13:41:54,0a73d3e,RP_2GX,8,16,16,32,,2000000,47008,47008,1M,1M,1,,Pass,30,14.60,61.43
3480700,ior_hard,2021-09-02 13:41:47,2021-09-02 13:45:58,0a73d3e,RP_2GX,8,16,32,32,,2000000,47008,47008,1M,1M,1,,Pass,30,12.43,47.23
3474174,ior_hard,2021-08-31 17:47:15,2021-08-31 17:51:32,0a73d3e,EC_8P2GX,10,16,16,32,,2000000,47008,47008,8M,1M,1,,Pass,60,7.58,64.05
3474285,ior_hard,2021-08-31 18:22:45,2021-08-31 18:28:18,0a73d3e,S128,10,16,16,32,,2000000,47008,47008,1M,1M,1,,Pass,60,68.00,96.77
3471057,ior_hard,2021-08-30 18:51:29,2021-08-30 18:56:16,0a73d3e,EC_2P1GX,12,16,16,32,,2000000,47008,47008,2M,1M,1,,Pass,60,24.00,84.39
3471064,ior_hard,2021-08-30 18:51:29,2021-08-30 18:57:22,0a73d3e,S128,12,16,16,32,,2000000,47008,47008,1M,1M,1,,Pass,60,64.59,92.49
3474135,ior_hard,2021-08-31 17:47:15,2021-08-31 17:51:32,0a73d3e,EC_4P2GX,12,16,16,32,,2000000,47008,47008,4M,1M,1,,Pass,60,10.39,73.23
3461638,ior_hard,2021-08-26 21:42:07,2021-08-26 21:47:49,0a73d3e,SX,16,16,16,32,,2000000,47008,47008,1M,1048576,1,,Pass,60,79.23,112.53
3480691,ior_hard,2021-09-02 12:21:23,2021-09-02 12:25:23,0a73d3e,RP_2GX,16,16,16,32,,2000000,47008,47008,1M,1M,1,,Pass,30,26.69,87.42
3471056,ior_hard,2021-08-30 18:51:29,2021-08-30 18:56:24,0a73d3e,EC_2P1GX,18,16,16,32,,2000000,47008,47008,2M,1M,1,,Pass,60,29.59,100.85
3471065,ior_hard,2021-08-30 18:51:29,2021-08-30 18:57:40,0a73d3e,S192,18,16,16,32,,2000000,47008,47008,1M,1M,1,,Pass,60,60.05,111.98
3474137,ior_hard,2021-08-31 17:47:15,2021-08-31 17:51:40,0a73d3e,EC_4P2GX,18,16,16,32,,2000000,47008,47008,4M,1M,1,,Pass,60,15.78,93.70
3474191,ior_hard,2021-08-31 17:57:32,2021-08-31 18:01:47,0a73d3e,EC_16P2GX,18,16,16,32,,2000000,47008,47008,16M,1M,1,,Pass,60,7.54,69.51
3478054,ior_hard,2021-09-01 21:35:18,2021-09-01 21:41:01,0a73d3e,S256,18,16,16,32,,2000000,47008,47008,1M,1M,1,,Pass,60,84.16,116.04
3474180,ior_hard,2021-08-31 17:53:31,2021-08-31 17:57:47,0a73d3e,EC_8P2GX,20,16,16,32,,2000000,47008,47008,8M,1M,1,,Pass,60,14.43,89.29
3474288,ior_hard,2021-08-31 18:35:53,2021-08-31 18:41:36,0a73d3e,S256,20,16,16,32,,2000000,47008,47008,1M,1M,1,,Pass,60,83.03,117.31
3471053,ior_hard,2021-08-30 18:51:29,2021-08-30 18:56:29,0a73d3e,EC_2P1GX,24,16,16,32,,2000000,47008,47008,2M,1M,1,,Pass,60,34.31,105.32
3471066,ior_hard,2021-08-30 19:17:21,2021-08-30 19:23:13,0a73d3e,S256,24,16,16,32,,2000000,47008,47008,1M,1M,1,,Pass,60,89.19,117.36
3474130,ior_hard,2021-08-31 17:47:15,2021-08-31 17:51:44,0a73d3e,EC_4P2GX,24,16,16,32,,2000000,47008,47008,4M,1M,1,,Pass,60,20.44,98.26
3474179,ior_hard,2021-08-31 17:53:31,2021-08-31 17:57:56,0a73d3e,EC_8P2GX,30,16,16,32,,2000000,47008,47008,8M,1M,1,,Pass,60,17.72,86.98
3478056,ior_hard,2021-09-02 01:24:57,2021-09-02 01:31:01,0a73d3e,S384,30,16,16,32,,2000000,47008,47008,1M,1M,1,,Pass,60,89.77,117.66
3461633,ior_hard,2021-08-26 23:49:47,2021-08-26 23:55:19,0a73d3e,SX,32,16,16,32,,2000000,47008,47008,1M,1048576,1,,Pass,60,83.75,115.27
3480687,ior_hard,2021-09-02 12:56:50,2021-09-02 13:00:46,0a73d3e,RP_2GX,32,16,16,32,,2000000,47008,47008,1M,1M,1,,Pass,30,30.26,85.24
3474118,ior_hard,2021-08-31 17:32:14,2021-08-31 17:37:09,0a73d3e,EC_4P2GX,36,16,16,32,,2000000,47008,47008,4M,1M,1,,Pass,60,25.60,96.85
3474194,ior_hard,2021-08-31 18:05:54,2021-08-31 18:10:23,0a73d3e,EC_16P2GX,36,16,16,32,,2000000,47008,47008,16M,1M,1,,Pass,60,13.78,76.61
3474272,ior_hard,2021-08-31 18:31:31,2021-08-31 18:37:35,0a73d3e,S384,36,16,16,32,,2000000,47008,47008,1M,1M,1,,Pass,60,90.48,100.44
3474301,ior_hard,2021-08-31 18:35:53,2021-08-31 18:41:44,0a73d3e,S512,36,16,16,32,,2000000,47008,47008,1M,1M,1,,Pass,60,77.00,116.47
3461637,ior_hard,2021-08-27 08:50:24,2021-08-27 08:56:31,0a73d3e,SX,64,16,16,32,,2000000,47008,47008,1M,1048576,1,,Pass,60,75.66,103.83
3480684,ior_hard,2021-09-02 13:37:50,2021-09-02 13:42:05,0a73d3e,RP_2GX,64,16,16,32,,2000000,47008,47008,1M,1M,1,,Pass,30,22.19,56.77
3540179,ior_easy,2021-09-22 18:43:50,2021-09-22 18:52:18,6f497ed,SX,1,16,16,32,,1,1M,150G,1M,1048576,1,,Pass,60,11.32,11.19
3540186,ior_easy,2021-09-22 18:43:50,2021-09-22 18:50:07,6f497ed,SX,1,16,4,32,,1,1M,150G,1M,1048576,1,,Pass,60,11.22,10.87
3540192,ior_easy,2021-09-22 18:56:48,2021-09-22 19:02:46,6f497ed,SX,2,16,8,32,,1,1M,150G,1M,1048576,1,,Pass,60,21.48,22.72
3540200,ior_easy,2021-09-22 18:56:48,2021-09-22 19:03:29,6f497ed,SX,2,16,16,32,,1,1M,150G,1M,1048576,1,,Pass,60,21.84,22.47
3546129,ior_easy,2021-09-24 16:22:50,2021-09-24 16:28:14,6f497ed,RP_2GX,2,16,8,32,,1,1M,150G,1M,1048576,1,,Pass,60,10.72,22.46
3546152,ior_easy,2021-09-24 21:16:19,2021-09-24 21:21:38,6f497ed,RP_2GX,2,16,16,32,,1,1M,150G,1M,1048576,1,,Pass,60,10.69,22.42
3546704,ior_easy,2021-09-25 05:29:31,2021-09-25 05:35:28,6f497ed,EC_2P1GX,3,16,16,32,,1,2M,150G,2M,1048576,1,,Pass,60,19.93,27.96
3546706,ior_easy,2021-09-25 06:52:25,2021-09-25 06:59:20,6f497ed,S32,3,16,16,32,,1,2M,150G,1M,1048576,1,,Pass,60,31.86,32.88
3546713,ior_easy,2021-09-25 06:13:46,2021-09-25 06:21:30,6f497ed,S32,3,16,12,32,,1,2M,150G,1M,1048576,1,,Pass,60,31.00,33.01
3546727,ior_easy,2021-09-25 06:15:43,2021-09-25 06:21:43,6f497ed,EC_2P1GX,3,16,12,32,,1,2M,150G,2M,1048576,1,,Pass,60,21.27,33.04
3540204,ior_easy,2021-09-22 18:56:47,2021-09-22 19:03:42,6f497ed,SX,4,16,16,32,,1,1M,150G,1M,1048576,1,,Pass,60,42.10,44.63
3546123,ior_easy,2021-09-24 16:37:51,2021-09-24 16:43:44,6f497ed,RP_2GX,4,16,16,32,,1,1M,150G,1M,1048576,1,,Pass,60,20.79,44.15
3546139,ior_easy,2021-09-25 01:37:05,2021-09-25 01:42:23,6f497ed,RP_3GX,4,16,16,32,,1,1M,150G,1M,1048576,1,,Pass,60,12.30,37.95
3546695,ior_easy,2021-09-25 05:33:20,2021-09-25 05:40:23,6f497ed,EC_2P1GX,6,16,16,32,,1,2M,150G,2M,1048576,1,,Pass,60,39.57,60.57
3546696,ior_easy,2021-09-25 05:37:03,2021-09-25 05:44:19,6f497ed,S64,6,16,12,32,,1,4M,150G,1M,1048576,1,,Pass,60,55.63,65.82
3546703,ior_easy,2021-09-25 05:46:41,2021-09-25 05:53:23,6f497ed,S64,6,16,12,32,,1,2M,150G,1M,1048576,1,,Pass,60,60.71,65.18
3546710,ior_easy,2021-09-25 06:40:36,2021-09-25 06:47:20,6f497ed,EC_4P2GX,6,16,12,32,,1,4M,150G,4M,1048576,1,,Pass,60,39.21,55.67
3546717,ior_easy,2021-09-25 07:35:58,2021-09-25 07:42:17,6f497ed,EC_4P2GX,6,16,16,32,,1,4M,150G,4M,1048576,1,,Pass,60,42.29,55.85
3546722,ior_easy,2021-09-25 07:53:31,2021-09-25 08:00:16,6f497ed,S64,6,16,16,32,,1,4M,150G,1M,1048576,1,,Pass,60,59.25,64.79
3546724,ior_easy,2021-09-25 07:22:25,2021-09-25 07:29:12,6f497ed,EC_2P1GX,6,16,12,32,,1,2M,150G,2M,1048576,1,,Pass,60,41.77,60.32
3546726,ior_easy,2021-09-25 08:02:26,2021-09-25 08:10:20,6f497ed,S64,6,16,16,32,,1,2M,150G,1M,1048576,1,,Pass,60,59.02,62.87
3540207,ior_easy,2021-09-22 18:56:47,2021-09-22 19:03:11,6f497ed,SX,8,16,16,32,,1,1M,150G,1M,1048576,1,,Pass,60,76.22,82.54
3540208,ior_easy,2021-09-22 18:56:47,2021-09-22 19:04:51,6f497ed,SX,8,16,32,32,,1,1M,150G,1M,1048576,1,,Pass,60,80.78,79.37
3546143,ior_easy,2021-09-25 03:18:11,2021-09-25 03:23:43,6f497ed,RP_3GX,8,16,32,32,,1,1M,150G,1M,1048576,1,,Pass,60,24.64,79.75
3546159,ior_easy,2021-09-25 04:08:51,2021-09-25 04:14:52,6f497ed,RP_3GX,8,16,16,32,,1,1M,150G,1M,1048576,1,,Pass,60,23.88,76.01
3546163,ior_easy,2021-09-25 06:13:46,2021-09-25 06:20:22,6f497ed,RP_2GX,8,16,32,32,,1,1M,150G,1M,1048576,1,,Pass,60,40.00,87.58
3546169,ior_easy,2021-09-25 05:07:54,2021-09-25 05:15:24,6f497ed,RP_2GX,8,16,16,32,,1,1M,150G,1M,1048576,1,,Pass,60,37.92,88.53
3546701,ior_easy,2021-09-25 05:42:55,2021-09-25 05:45:53,6f497ed,S128,10,16,16,32,,1,8M,150G,1M,1048576,1,"write failed,read failed",Fail,60,0.00,0.00
3546721,ior_easy,2021-09-25 11:32:24,2021-09-25 11:39:30,6f497ed,EC_8P2GX,10,16,16,32,,1,8M,150G,8M,1048576,1,,Pass,60,78.63,86.51
3546705,ior_easy,2021-09-25 06:21:30,2021-09-25 06:28:13,6f497ed,EC_4P2GX,12,16,16,32,,1,4M,150G,4M,1048576,1,,Pass,60,75.96,95.46
3546712,ior_easy,2021-09-25 07:04:04,2021-09-25 07:10:59,6f497ed,EC_2P1GX,12,16,16,32,,1,2M,150G,2M,1048576,1,,Pass,60,65.35,97.20
3546714,ior_easy,2021-09-25 07:15:32,2021-09-25 07:22:25,6f497ed,S128,12,16,16,32,,1,4M,150G,1M,1048576,1,,Pass,60,103.49,118.22
3546716,ior_easy,2021-09-25 07:33:49,2021-09-25 07:40:39,6f497ed,S128,12,16,16,32,,1,2M,150G,1M,1048576,1,,Pass,60,103.62,124.54
3540177,ior_easy,2021-09-22 18:43:47,2021-09-22 18:50:25,6f497ed,SX,16,16,16,32,,1,1M,150G,1M,1048576,1,,Pass,60,131.00,140.63
3546127,ior_easy,2021-09-25 01:50:23,2021-09-25 01:55:55,6f497ed,RP_2GX,16,16,16,32,,1,1M,150G,1M,1048576,1,,Pass,60,67.62,155.15
3546144,ior_easy,2021-09-25 03:33:14,2021-09-25 03:38:36,6f497ed,RP_3GX,16,16,16,32,,1,1M,150G,1M,1048576,1,,Pass,60,41.34,149.41
3546697,ior_easy,2021-09-25 07:10:52,2021-09-25 07:16:55,6f497ed,EC_2P1GX,18,16,16,32,,1,2M,150G,2M,1048576,1,,Pass,60,108.94,133.28
3546700,ior_easy,2021-09-25 07:31:34,2021-09-25 07:38:04,6f497ed,S192,18,16,16,32,,1,2M,150G,1M,1048576,1,,Pass,60,143.33,115.81
3546702,ior_easy,2021-09-25 07:40:20,2021-09-25 07:46:39,6f497ed,EC_4P2GX,18,16,16,32,,1,4M,150G,4M,1048576,1,,Pass,60,112.06,115.55
3546719,ior_easy,2021-09-25 11:22:28,2021-09-25 11:28:53,6f497ed,S192,18,16,16,32,,1,4M,150G,1M,1048576,1,,Pass,60,151.75,123.94
3546725,ior_easy,2021-09-25 11:45:52,2021-09-25 11:48:57,6f497ed,S256,18,16,16,32,,1,16M,150G,1M,1048576,1,"write failed,read failed",Fail,60,0.00,0.00
3558894,ior_easy,2021-09-28 10:08:12,2021-09-28 10:17:03,6f497ed,EC_16P2GX,18,16,16,32,,1,16M,150G,16M,1048576,1,"write failed,read failed",Fail,60,0.00,0.00
3546692,ior_easy,2021-09-25 06:52:25,2021-09-25 06:58:50,6f497ed,EC_8P2GX,20,16,16,32,,1,8M,150G,8M,1048576,1,,Pass,60,135.93,101.51
3546723,ior_easy,2021-09-25 11:08:11,2021-09-25 11:11:16,6f497ed,S256,20,16,16,32,,1,8M,150G,1M,1048576,1,"write failed,read failed",Fail,60,0.00,0.00
3546698,ior_easy,2021-09-25 07:10:52,2021-09-25 07:17:00,6f497ed,EC_2P1GX,24,16,16,32,,1,2M,150G,2M,1048576,1,,Pass,60,116.19,127.69
3546699,ior_easy,2021-09-25 07:13:11,2021-09-25 07:19:33,6f497ed,EC_4P2GX,24,16,16,32,,1,4M,150G,4M,1048576,1,,Pass,60,105.71,120.50
3546709,ior_easy,2021-09-25 08:02:26,2021-09-25 08:08:40,6f497ed,S256,24,16,16,32,,1,4M,150G,1M,1048576,1,,Pass,60,168.47,152.34
3546718,ior_easy,2021-09-25 11:22:28,2021-09-25 11:28:50,6f497ed,S256,24,16,16,32,,1,2M,150G,1M,1048576,1,,Pass,60,174.23,136.95
3546693,ior_easy,2021-09-25 07:01:43,2021-09-25 07:08:12,6f497ed,EC_8P2GX,30,16,16,32,,1,8M,150G,8M,1048576,1,,Pass,60,141.39,94.88
3546711,ior_easy,2021-09-25 08:05:13,2021-09-25 08:08:12,6f497ed,S384,30,16,16,32,,1,8M,150G,1M,1048576,1,"write failed,read failed",Fail,60,0.00,0.00
3540205,ior_easy,2021-09-22 18:56:48,2021-09-22 19:03:16,6f497ed,SX,32,16,16,32,,1,1M,150G,1M,1048576,1,,Pass,60,154.66,152.77
3546146,ior_easy,2021-09-25 05:11:59,2021-09-25 05:17:18,6f497ed,RP_2GX,32,16,16,32,,1,1M,150G,1M,1048576,1,,Pass,60,86.65,156.94
3546173,ior_easy,2021-09-25 06:33:21,2021-09-25 06:38:26,6f497ed,RP_3GX,32,16,16,32,,1,1M,150G,1M,1048576,1,,Pass,60,59.07,154.97
3546707,ior_easy,2021-09-25 07:53:31,2021-09-25 08:00:12,6f497ed,S384,36,16,16,32,,1,4M,150G,1M,1048576,1,,Pass,60,165.89,142.23
3546715,ior_easy,2021-09-25 11:15:20,2021-09-25 11:18:26,6f497ed,S512,36,16,16,32,,1,16M,150G,1M,1048576,1,"write failed,read failed",Fail,60,0.00,0.00
3546720,ior_easy,2021-09-25 11:35:47,2021-09-25 11:42:12,6f497ed,EC_4P2GX,36,16,16,32,,1,4M,150G,4M,1048576,1,,Pass,60,117.22,122.05
3558895,ior_easy,2021-09-28 10:08:12,2021-09-28 10:17:06,6f497ed,EC_16P2GX,36,16,16,32,,1,16M,150G,16M,1048576,1,"write failed,read failed",Fail,60,0.00,0.00
3540197,ior_easy,2021-09-22 18:43:47,2021-09-22 18:50:30,6f497ed,SX,64,16,16,32,,1,1M,150G,1M,1048576,1,,Pass,60,149.23,155.32
3546125,ior_easy,2021-09-25 06:23:26,2021-09-25 06:28:28,6f497ed,RP_3GX,64,16,16,32,,1,1M,150G,1M,1048576,1,,Pass,60,58.91,158.88
3546170,ior_easy,2021-09-25 07:53:29,2021-09-25 07:58:56,6f497ed,RP_2GX,64,16,16,32,,1,1M,150G,1M,1048576,1,,Pass,60,83.51,156.68
3540175,ior_hard,2021-09-22 18:43:47,2021-09-22 18:50:00,6f497ed,SX,1,16,16,32,,2000000,47008,47008,1M,1048576,1,,Pass,60,9.45,10.75
3540198,ior_hard,2021-09-22 18:48:29,2021-09-22 18:54:50,6f497ed,SX,1,16,4,32,,2000000,47008,47008,1M,1048576,1,,Pass,60,10.53,11.18
3540183,ior_hard,2021-09-22 18:43:50,2021-09-22 18:50:15,6f497ed,SX,2,16,8,32,,2000000,47008,47008,1M,1048576,1,,Pass,60,19.64,21.44
3540206,ior_hard,2021-09-22 18:56:48,2021-09-22 19:02:58,6f497ed,SX,2,16,16,32,,2000000,47008,47008,1M,1048576,1,,Pass,60,18.86,20.99
3546141,ior_hard,2021-09-24 16:32:01,2021-09-24 16:36:44,6f497ed,RP_2GX,2,16,8,32,,2000000,47008,47008,1M,1048576,1,,Pass,60,6.38,20.61
3546172,ior_hard,2021-09-25 05:00:45,2021-09-25 05:05:34,6f497ed,RP_2GX,2,16,16,32,,2000000,47008,47008,1M,1048576,1,,Pass,60,5.78,20.60
3553669,ior_hard,2021-09-27 10:46:44,2021-09-27 10:52:09,6f497ed,S32,3,16,16,32,,2000000,47008,47008,1M,1048576,1,,Pass,60,19.77,30.74
3553675,ior_hard,2021-09-27 10:55:19,2021-09-27 10:59:56,6f497ed,EC_2P1GX,3,16,12,32,,2000000,47008,47008,2M,1048576,1,,Pass,60,7.31,29.33
3553679,ior_hard,2021-09-27 11:00:24,2021-09-27 11:05:50,6f497ed,S32,3,16,12,32,,2000000,47008,47008,1M,1048576,1,,Pass,60,20.55,31.44
3553686,ior_hard,2021-09-27 11:39:05,2021-09-27 11:43:41,6f497ed,EC_2P1GX,3,16,16,32,,2000000,47008,47008,2M,1048576,1,,Pass,60,6.62,25.14
3540184,ior_hard,2021-09-22 18:46:11,2021-09-22 18:52:36,6f497ed,SX,4,16,16,32,,2000000,47008,47008,1M,1048576,1,,Pass,60,36.74,39.78
3546130,ior_hard,2021-09-24 21:47:19,2021-09-24 21:52:01,6f497ed,RP_2GX,4,16,16,32,,2000000,47008,47008,1M,1048576,1,,Pass,60,9.77,39.17
3546147,ior_hard,2021-09-25 03:25:40,2021-09-25 03:30:14,6f497ed,RP_3GX,4,16,16,32,,2000000,47008,47008,1M,1048576,1,,Pass,60,7.00,35.49
3553671,ior_hard,2021-09-27 10:39:54,2021-09-27 10:44:31,6f497ed,EC_4P2GX,6,16,16,32,,2000000,47008,47008,4M,1048576,1,,Pass,60,7.50,43.64
3553673,ior_hard,2021-09-27 10:53:38,2021-09-27 10:58:15,6f497ed,EC_2P1GX,6,16,12,32,,2000000,47008,47008,2M,1048576,1,,Pass,60,14.13,52.33
3553674,ior_hard,2021-09-27 10:53:38,2021-09-27 10:59:05,6f497ed,S64,6,16,12,32,,2000000,47008,47008,1M,1048576,1,,Pass,60,41.62,59.80
3553676,ior_hard,2021-09-27 10:55:19,2021-09-27 10:59:24,6f497ed,EC_4P2GX,6,16,12,32,,2000000,47008,47008,4M,1048576,1,,Pass,60,5.55,42.18
3553681,ior_hard,2021-09-27 11:17:03,2021-09-27 11:22:32,6f497ed,S64,6,16,12,32,,2000000,47008,47008,1M,1048576,1,,Pass,60,42.05,59.79
3553685,ior_hard,2021-09-27 11:34:08,2021-09-27 11:39:30,6f497ed,S64,6,16,16,32,,2000000,47008,47008,1M,1048576,1,,Pass,60,40.21,61.02
3553700,ior_hard,2021-09-27 15:55:21,2021-09-27 16:01:00,6f497ed,S64,6,16,16,32,,2000000,47008,47008,1M,1048576,1,,Pass,60,39.00,60.57
3553704,ior_hard,2021-09-27 18:48:08,2021-09-27 18:52:48,6f497ed,EC_2P1GX,6,16,16,32,,2000000,47008,47008,2M,1048576,1,,Pass,60,14.58,49.58
3540180,ior_hard,2021-09-22 18:43:50,2021-09-22 18:50:30,6f497ed,SX,8,16,32,32,,2000000,47008,47008,1M,1048576,1,,Pass,60,67.52,71.33
3540188,ior_hard,2021-09-22 18:48:29,2021-09-22 18:54:46,6f497ed,SX,8,16,16,32,,2000000,47008,47008,1M,1048576,1,,Pass,60,68.83,80.49
3546134,ior_hard,2021-09-25 01:00:51,2021-09-25 01:05:17,6f497ed,RP_3GX,8,16,16,32,,2000000,47008,47008,1M,1048576,1,,Pass,60,11.09,67.04
3546157,ior_hard,2021-09-25 05:50:30,2021-09-25 05:55:12,6f497ed,RP_2GX,8,16,32,32,,2000000,47008,47008,1M,1048576,1,,Pass,60,16.16,66.35
3546166,ior_hard,2021-09-25 04:37:51,2021-09-25 04:42:34,6f497ed,RP_2GX,8,16,16,32,,2000000,47008,47008,1M,1048576,1,,Pass,60,17.77,69.98
3546175,ior_hard,2021-09-25 06:45:18,2021-09-25 06:49:57,6f497ed,RP_3GX,8,16,32,32,,2000000,47008,47008,1M,1048576,1,,Pass,60,10.59,57.46
3553678,ior_hard,2021-09-27 11:17:03,2021-09-27 11:21:19,6f497ed,EC_8P2GX,10,16,16,32,,2000000,47008,47008,8M,1048576,1,,Pass,60,7.63,57.95
3553684,ior_hard,2021-09-27 11:25:48,2021-09-27 11:31:27,6f497ed,S128,10,16,16,32,,2000000,47008,47008,1M,1048576,1,,Pass,60,74.96,97.21
3553689,ior_hard,2021-09-27 11:42:22,2021-09-27 11:46:58,6f497ed,EC_2P1GX,12,16,16,32,,2000000,47008,47008,2M,1048576,1,,Pass,60,24.47,91.94
3553695,ior_hard,2021-09-27 18:56:01,2021-09-27 19:01:40,6f497ed,S128,12,16,16,32,,2000000,47008,47008,1M,1048576,1,,Pass,60,79.08,104.08
3553696,ior_hard,2021-09-27 19:13:26,2021-09-27 19:19:06,6f497ed,S128,12,16,16,32,,2000000,47008,47008,1M,1048576,1,,Pass,60,78.00,103.99
3553699,ior_hard,2021-09-27 19:17:06,2021-09-27 19:21:30,6f497ed,EC_4P2GX,12,16,16,32,,2000000,47008,47008,4M,1048576,1,,Pass,60,11.81,70.41
3540190,ior_hard,2021-09-22 18:48:29,2021-09-22 18:54:41,6f497ed,SX,16,16,16,32,,2000000,47008,47008,1M,1048576,1,,Pass,60,92.05,105.15
3546140,ior_hard,2021-09-25 03:25:40,2021-09-25 03:30:09,6f497ed,RP_3GX,16,16,16,32,,2000000,47008,47008,1M,1048576,1,,Pass,60,15.90,93.55
3546153,ior_hard,2021-09-25 04:04:09,2021-09-25 04:09:09,6f497ed,RP_2GX,16,16,16,32,,2000000,47008,47008,1M,1048576,1,,Pass,60,36.64,108.40
3553677,ior_hard,2021-09-27 11:08:47,2021-09-27 11:13:16,6f497ed,EC_4P2GX,18,16,16,32,,2000000,47008,47008,4M,1048576,1,,Pass,60,18.66,94.15
3553682,ior_hard,2021-09-27 11:24:09,2021-09-27 11:29:53,6f497ed,S192,18,16,16,32,,2000000,47008,47008,1M,1048576,1,,Pass,60,94.94,116.46
3553687,ior_hard,2021-09-27 11:42:22,2021-09-27 11:48:06,6f497ed,S192,18,16,16,32,,2000000,47008,47008,1M,1048576,1,,Pass,60,94.01,116.38
3553690,ior_hard,2021-09-27 14:36:52,2021-09-27 14:43:12,6f497ed,S256,18,16,16,32,,2000000,47008,47008,1M,1048576,1,,Pass,60,98.20,117.50
3553697,ior_hard,2021-09-27 19:13:26,2021-09-27 19:17:46,6f497ed,EC_16P2GX,18,16,16,32,,2000000,47008,47008,16M,1048576,1,,Pass,60,7.32,69.61
3553698,ior_hard,2021-09-27 19:13:26,2021-09-27 19:18:10,6f497ed,EC_2P1GX,18,16,16,32,,2000000,47008,47008,2M,1048576,1,,Pass,60,30.95,104.07
3553680,ior_hard,2021-09-27 11:17:03,2021-09-27 11:22:49,6f497ed,S256,20,16,16,32,,2000000,47008,47008,1M,1048576,1,,Pass,60,98.86,118.65
3553691,ior_hard,2021-09-27 14:36:52,2021-09-27 14:41:36,6f497ed,EC_8P2GX,20,16,16,32,,2000000,47008,47008,8M,1048576,1,,Pass,60,14.72,89.46
3553683,ior_hard,2021-09-27 11:34:08,2021-09-27 11:40:15,6f497ed,S256,24,16,16,32,,2000000,47008,47008,1M,1048576,1,,Pass,60,100.99,119.66
3553688,ior_hard,2021-09-27 11:49:11,2021-09-27 11:55:16,6f497ed,S256,24,16,16,32,,2000000,47008,47008,1M,1048576,1,,Pass,60,101.26,120.30
3553693,ior_hard,2021-09-27 14:52:19,2021-09-27 14:57:24,6f497ed,EC_2P1GX,24,16,16,32,,2000000,47008,47008,2M,1048576,1,,Pass,60,35.40,106.86
3553701,ior_hard,2021-09-27 19:20:56,2021-09-27 19:25:24,6f497ed,EC_4P2GX,24,16,16,32,,2000000,47008,47008,4M,1048576,1,,Pass,60,19.06,95.33
3553672,ior_hard,2021-09-27 11:08:47,2021-09-27 11:15:07,6f497ed,S384,30,16,16,32,,2000000,47008,47008,1M,1048576,1,,Pass,60,102.95,120.08
3553692,ior_hard,2021-09-27 19:07:24,2021-09-27 19:12:03,6f497ed,EC_8P2GX,30,16,16,32,,2000000,47008,47008,8M,1048576,1,,Pass,60,16.67,89.14
3540170,ior_hard,2021-09-22 18:43:47,2021-09-22 18:50:15,6f497ed,SX,32,16,16,32,,2000000,47008,47008,1M,1048576,1,,Pass,60,93.32,105.99
3546145,ior_hard,2021-09-25 03:54:53,2021-09-25 04:00:09,6f497ed,RP_2GX,32,16,16,32,,2000000,47008,47008,1M,1048576,1,,Pass,60,56.78,111.91
3546151,ior_hard,2021-09-25 05:25:38,2021-09-25 05:30:20,6f497ed,RP_3GX,32,16,16,32,,2000000,47008,47008,1M,1048576,1,,Pass,60,31.99,106.27
3553670,ior_hard,2021-09-27 11:02:10,2021-09-27 11:06:50,6f497ed,EC_16P2GX,36,16,16,32,,2000000,47008,47008,16M,1048576,1,,Pass,60,14.83,79.52
3553694,ior_hard,2021-09-27 19:13:26,2021-09-27 19:18:15,6f497ed,EC_4P2GX,36,16,16,32,,2000000,47008,47008,4M,1048576,1,,Pass,60,26.64,100.02
3553702,ior_hard,2021-09-27 19:20:56,2021-09-27 19:26:57,6f497ed,S512,36,16,16,32,,2000000,47008,47008,1M,1048576,1,,Pass,60,101.14,119.05
3553703,ior_hard,2021-09-27 19:20:56,2021-09-27 19:26:58,6f497ed,S384,36,16,16,32,,2000000,47008,47008,1M,1048576,1,,Pass,60,102.79,120.63
3540172,ior_hard,2021-09-22 18:48:29,2021-09-22 18:54:50,6f497ed,SX,64,16,16,32,,2000000,47008,47008,1M,1048576,1,,Pass,60,85.47,104.71
3546124,ior_hard,2021-09-25 05:33:20,2021-09-25 05:38:41,6f497ed,RP_2GX,64,16,16,32,,2000000,47008,47008,1M,1048576,1,,Pass,60,63.85,105.79
3546165,ior_hard,2021-09-25 07:40:20,2021-09-25 07:45:26,6f497ed,RP_3GX,64,16,16,32,,2000000,47008,47008,1M,1048576,1,,Pass,60,51.12,105.93
3632685,ior_easy,2021-10-14 11:19:48,2021-10-14 11:28:07,fdf9d73,SX,1,16,16,32,,1,1M,150G,1M,1048576,1,,Pass,60,11.44,11.40
3632700,ior_easy,2021-10-14 10:55:59,2021-10-14 11:01:47,fdf9d73,SX,1,16,4,32,,1,1M,150G,1M,1048576,1,,Pass,60,11.33,11.40
3632674,ior_easy,2021-10-14 11:12:56,2021-10-14 11:19:59,fdf9d73,SX,2,16,16,32,,1,1M,150G,1M,1048576,1,,Pass,60,22.04,22.76
3632683,ior_easy,2021-10-14 10:55:59,2021-10-14 11:01:57,fdf9d73,SX,2,16,8,32,,1,1M,150G,1M,1048576,1,,Pass,60,21.77,22.74
3632985,ior_easy,2021-10-14 13:28:27,2021-10-14 13:33:23,fdf9d73,RP_2GX,2,16,16,32,,1,1M,150G,1M,1048576,1,,Pass,60,10.79,22.50
3633002,ior_easy,2021-10-14 12:20:16,2021-10-14 12:25:20,fdf9d73,RP_2GX,2,16,8,32,,1,1M,150G,1M,1048576,1,,Pass,60,10.63,22.66
3633261,ior_easy,2021-10-14 13:43:58,2021-10-14 13:52:31,fdf9d73,S32,3,16,16,32,,1,2M,150G,1M,1048576,1,,Pass,60,32.33,33.03
3633264,ior_easy,2021-10-14 14:38:43,2021-10-14 14:44:41,fdf9d73,EC_2P1GX,3,16,16,32,,1,2M,150G,2M,1048576,1,,Pass,60,21.64,28.06
3633268,ior_easy,2021-10-14 14:38:43,2021-10-14 14:45:56,fdf9d73,S32,3,16,12,32,,1,2M,150G,1M,1048576,1,,Pass,60,32.14,31.32
3633280,ior_easy,2021-10-14 14:38:43,2021-10-14 14:44:36,fdf9d73,EC_2P1GX,3,16,12,32,,1,2M,150G,2M,1048576,1,,Pass,60,21.07,33.01
3632697,ior_easy,2021-10-14 11:22:08,2021-10-14 11:28:02,fdf9d73,SX,4,16,16,32,,1,1M,150G,1M,1048576,1,,Pass,60,42.51,45.25
3632998,ior_easy,2021-10-14 14:36:40,2021-10-14 14:42:27,fdf9d73,RP_2GX,4,16,16,32,,1,1M,150G,1M,1048576,1,,Pass,60,20.97,44.45
3633003,ior_easy,2021-10-14 15:01:37,2021-10-14 15:06:21,fdf9d73,RP_3GX,4,16,16,32,,1,1M,150G,1M,1048576,1,,Pass,60,13.58,41.71
3633273,ior_easy,2021-10-14 15:23:25,2021-10-14 15:29:59,fdf9d73,S64,6,16,12,32,,1,2M,150G,1M,1048576,1,,Pass,60,58.66,65.57
3633281,ior_easy,2021-10-14 15:34:09,2021-10-14 15:40:53,fdf9d73,EC_2P1GX,6,16,12,32,,1,2M,150G,2M,1048576,1,,Pass,60,39.99,51.52
3633288,ior_easy,2021-10-14 15:59:38,2021-10-14 16:06:19,fdf9d73,EC_2P1GX,6,16,16,32,,1,2M,150G,2M,1048576,1,,Pass,60,37.76,51.04
3633289,ior_easy,2021-10-14 16:09:40,2021-10-14 16:17:17,fdf9d73,S64,6,16,16,32,,1,2M,150G,1M,1048576,1,,Pass,60,60.27,65.04
3633785,ior_easy,2021-10-14 17:30:50,2021-10-14 17:37:17,fdf9d73,EC_4P2GX,6,16,16,32,,1,4M,150G,4M,1048576,1,,Pass,60,42.19,56.19
3633810,ior_easy,2021-10-14 20:09:33,2021-10-14 20:16:13,fdf9d73,S64,6,16,12,32,,1,4M,150G,1M,1048576,1,,Pass,60,55.87,65.62
3633815,ior_easy,2021-10-14 21:47:06,2021-10-14 21:53:32,fdf9d73,EC_4P2GX,6,16,12,32,,1,4M,150G,4M,1048576,1,,Pass,60,41.59,60.76
3633831,ior_easy,2021-10-15 01:16:25,2021-10-15 01:24:02,fdf9d73,S64,6,16,16,32,,1,4M,150G,1M,1048576,1,,Pass,60,60.62,65.99
3632689,ior_easy,2021-10-14 11:31:40,2021-10-14 11:38:34,fdf9d73,SX,8,16,16,32,,1,1M,150G,1M,1048576,1,,Pass,60,73.37,89.05
3632694,ior_easy,2021-10-14 11:40:43,2021-10-14 11:48:09,fdf9d73,SX,8,16,32,32,,1,1M,150G,1M,1048576,1,,Pass,60,82.25,89.26
3632963,ior_easy,2021-10-14 13:28:27,2021-10-14 13:34:38,fdf9d73,RP_2GX,8,16,16,32,,1,1M,150G,1M,1048576,1,,Pass,60,38.37,89.16
3632972,ior_easy,2021-10-14 14:06:22,2021-10-14 14:11:40,fdf9d73,RP_3GX,8,16,32,32,,1,1M,150G,1M,1048576,1,,Pass,60,25.37,77.46
3632977,ior_easy,2021-10-14 14:30:51,2021-10-14 14:37:59,fdf9d73,RP_2GX,8,16,32,32,,1,1M,150G,1M,1048576,1,,Pass,60,42.07,89.31
3632988,ior_easy,2021-10-14 14:49:41,2021-10-14 14:55:18,fdf9d73,RP_3GX,8,16,16,32,,1,1M,150G,1M,1048576,1,,Pass,60,24.49,77.03
3634250,ior_easy,2021-10-15 05:22:13,2021-10-15 05:24:44,fdf9d73,S128,10,16,16,32,,1,8M,150G,1M,1048576,1,"write failed,read failed",Fail,60,0.00,0.00
3634267,ior_easy,2021-10-15 06:49:10,2021-10-15 06:55:24,fdf9d73,EC_8P2GX,10,16,16,32,,1,8M,150G,8M,1048576,1,,Pass,60,74.31,95.60
3633257,ior_easy,2021-10-14 15:13:53,2021-10-14 15:20:28,fdf9d73,S128,12,16,16,32,,1,2M,150G,1M,1048576,1,,Pass,60,99.47,128.21
3633285,ior_easy,2021-10-14 15:25:46,2021-10-14 15:32:17,fdf9d73,EC_2P1GX,12,16,16,32,,1,2M,150G,2M,1048576,1,,Pass,60,76.14,110.83
3633824,ior_easy,2021-10-15 04:28:16,2021-10-15 04:35:06,fdf9d73,S128,12,16,16,32,,1,4M,150G,1M,1048576,1,,Pass,60,97.66,97.36
3633825,ior_easy,2021-10-15 04:33:02,2021-10-15 04:39:38,fdf9d73,EC_4P2GX,12,16,16,32,,1,4M,150G,4M,1048576,1,,Pass,60,69.35,100.77
3632678,ior_easy,2021-10-14 11:22:08,2021-10-14 11:28:32,fdf9d73,SX,16,16,16,32,,1,1M,150G,1M,1048576,1,,Pass,60,129.98,136.33
3632970,ior_easy,2021-10-14 14:04:44,2021-10-14 14:09:42,fdf9d73,RP_3GX,16,16,16,32,,1,1M,150G,1M,1048576,1,,Pass,60,44.32,136.27
3632976,ior_easy,2021-10-14 14:06:22,2021-10-14 14:12:16,fdf9d73,RP_2GX,16,16,16,32,,1,1M,150G,1M,1048576,1,,Pass,60,47.43,151.34
3633266,ior_easy,2021-10-14 15:16:13,2021-10-14 15:22:17,fdf9d73,EC_2P1GX,18,16,16,32,,1,2M,150G,2M,1048576,1,,Pass,60,103.76,124.16
3633276,ior_easy,2021-10-14 15:23:25,2021-10-14 15:29:23,fdf9d73,S192,18,16,16,32,,1,2M,150G,1M,1048576,1,,Pass,60,147.61,145.71
3633786,ior_easy,2021-10-14 21:06:48,2021-10-14 21:13:06,fdf9d73,S192,18,16,16,32,,1,4M,150G,1M,1048576,1,,Pass,60,153.28,155.01
3633788,ior_easy,2021-10-14 21:18:56,2021-10-14 21:25:08,fdf9d73,EC_4P2GX,18,16,16,32,,1,4M,150G,4M,1048576,1,,Pass,60,114.30,97.70
3634247,ior_easy,2021-10-15 05:24:10,2021-10-15 05:26:41,fdf9d73,S256,18,16,16,32,,1,16M,150G,1M,1048576,1,"write failed,read failed",Fail,60,0.00,0.00
3634261,ior_easy,2021-10-15 08:02:48,2021-10-15 08:08:51,fdf9d73,EC_16P2GX,18,16,16,32,,1,16M,150G,16M,1048576,1,,Pass,60,156.23,81.46
3634258,ior_easy,2021-10-15 05:36:40,2021-10-15 05:42:40,fdf9d73,EC_8P2GX,20,16,16,32,,1,8M,150G,8M,1048576,1,,Pass,60,142.14,128.02
3634264,ior_easy,2021-10-15 08:22:17,2021-10-15 08:25:52,fdf9d73,S256,20,16,16,32,,1,8M,150G,1M,1048576,1,"write failed,read failed",Fail,60,0.00,0.00
3633265,ior_easy,2021-10-14 15:16:13,2021-10-14 15:21:49,fdf9d73,EC_2P1GX,24,16,16,32,,1,2M,150G,2M,1048576,1,,Pass,60,117.08,140.97
3633274,ior_easy,2021-10-14 15:18:40,2021-10-14 15:24:56,fdf9d73,S256,24,16,16,32,,1,2M,150G,1M,1048576,1,,Pass,60,165.41,135.86
3633791,ior_easy,2021-10-15 01:44:47,2021-10-15 01:50:59,fdf9d73,S256,24,16,16,32,,1,4M,150G,1M,1048576,1,,Pass,60,177.55,139.49
3633809,ior_easy,2021-10-15 04:30:42,2021-10-15 04:36:59,fdf9d73,EC_4P2GX,24,16,16,32,,1,4M,150G,4M,1048576,1,,Pass,60,118.41,102.01
3634245,ior_easy,2021-10-15 05:24:10,2021-10-15 05:30:13,fdf9d73,EC_8P2GX,30,16,16,32,,1,8M,150G,8M,1048576,1,,Pass,60,142.30,133.28
3634251,ior_easy,2021-10-15 05:22:13,2021-10-15 05:24:49,fdf9d73,S384,30,16,16,32,,1,8M,150G,1M,1048576,1,"write failed,read failed",Fail,60,0.00,0.00
3632681,ior_easy,2021-10-14 11:27:01,2021-10-14 11:33:15,fdf9d73,SX,32,16,16,32,,1,1M,150G,1M,1048576,1,,Pass,60,170.48,151.41
3632969,ior_easy,2021-10-14 13:32:08,2021-10-14 13:36:42,fdf9d73,RP_3GX,32,16,16,32,,1,1M,150G,1M,1048576,1,,Pass,60,59.17,152.64
3632995,ior_easy,2021-10-14 14:40:56,2021-10-14 14:45:51,fdf9d73,RP_2GX,32,16,16,32,,1,1M,150G,1M,1048576,1,,Pass,60,87.65,157.78
3633803,ior_easy,2021-10-15 03:23:50,2021-10-15 03:29:35,fdf9d73,EC_4P2GX,36,16,16,32,,1,4M,150G,4M,1048576,1,,Pass,60,117.93,139.79
3633816,ior_easy,2021-10-15 04:07:26,2021-10-15 04:13:33,fdf9d73,S384,36,16,16,32,,1,4M,150G,1M,1048576,1,,Pass,60,179.17,126.49
3634242,ior_easy,2021-10-15 05:20:13,2021-10-15 05:22:54,fdf9d73,S512,36,16,16,32,,1,16M,150G,1M,1048576,1,"write failed,read failed",Fail,60,0.00,0.00
3634257,ior_easy,2021-10-15 05:38:21,2021-10-15 05:43:05,fdf9d73,EC_16P2GX,36,16,16,32,,1,16M,150G,16M,1048576,1,read failed,Warning,60,156.64,0.00
3632688,ior_easy,2021-10-14 11:40:43,2021-10-14 11:47:06,fdf9d73,SX,64,16,16,32,,1,1M,150G,1M,1048576,1,,Pass,60,167.71,135.07
3633005,ior_easy,2021-10-14 14:49:41,2021-10-14 14:54:35,fdf9d73,RP_3GX,64,16,16,32,,1,1M,150G,1M,1048576,1,,Pass,60,58.97,157.08
3641947,ior_easy,2021-10-16 03:28:30,2021-10-16 03:33:24,fdf9d73,RP_2GX,64,16,16,32,,1,1M,150G,1M,1048576,1,,Pass,60,86.20,161.80
3632666,ior_hard,2021-10-14 10:55:59,2021-10-14 11:01:30,fdf9d73,SX,1,16,4,32,,2000000,47008,47008,1M,1048576,1,,Pass,60,10.19,11.26
3632698,ior_hard,2021-10-14 11:50:29,2021-10-14 11:56:02,fdf9d73,SX,1,16,16,32,,2000000,47008,47008,1M,1048576,1,,Pass,60,8.95,11.09
3632667,ior_hard,2021-10-14 10:57:44,2021-10-14 11:03:26,fdf9d73,SX,2,16,16,32,,2000000,47008,47008,1M,1048576,1,,Pass,60,18.75,22.01
3632699,ior_hard,2021-10-14 10:55:59,2021-10-14 11:02:10,fdf9d73,SX,2,16,8,32,,2000000,47008,47008,1M,1048576,1,,Pass,60,19.39,22.15
3632954,ior_hard,2021-10-14 11:34:00,2021-10-14 11:38:22,fdf9d73,RP_2GX,2,16,16,32,,2000000,47008,47008,1M,1048576,1,,Pass,60,5.05,19.93
3632992,ior_hard,2021-10-14 11:53:01,2021-10-14 11:57:26,fdf9d73,RP_2GX,2,16,8,32,,2000000,47008,47008,1M,1048576,1,,Pass,60,5.49,21.43
3633255,ior_hard,2021-10-14 13:20:30,2021-10-14 13:24:42,fdf9d73,EC_2P1GX,3,16,12,32,,2000000,47008,47008,2M,1048576,1,,Pass,60,7.30,30.04
3633262,ior_hard,2021-10-14 14:38:43,2021-10-14 14:43:46,fdf9d73,S32,3,16,12,32,,2000000,47008,47008,1M,1048576,1,,Pass,60,19.13,31.34
3633283,ior_hard,2021-10-14 15:34:09,2021-10-14 15:38:33,fdf9d73,EC_2P1GX,3,16,16,32,,2000000,47008,47008,2M,1048576,1,,Pass,60,7.21,29.24
3633284,ior_hard,2021-10-14 15:34:09,2021-10-14 15:39:28,fdf9d73,S32,3,16,16,32,,2000000,47008,47008,1M,1048576,1,,Pass,60,19.04,29.25
3632679,ior_hard,2021-10-14 11:22:08,2021-10-14 11:27:33,fdf9d73,SX,4,16,16,32,,2000000,47008,47008,1M,1048576,1,,Pass,60,35.29,43.00
3632974,ior_hard,2021-10-14 13:45:37,2021-10-14 13:49:35,fdf9d73,RP_3GX,4,16,16,32,,2000000,47008,47008,1M,1048576,1,,Pass,60,5.92,35.18
3632980,ior_hard,2021-10-14 13:47:20,2021-10-14 13:51:46,fdf9d73,RP_2GX,4,16,16,32,,2000000,47008,47008,1M,1048576,1,,Pass,60,10.61,41.17
3633259,ior_hard,2021-10-14 15:13:53,2021-10-14 15:18:55,fdf9d73,S64,6,16,12,32,,2000000,47008,47008,1M,1048576,1,,Pass,60,38.93,60.11
3633269,ior_hard,2021-10-14 15:16:13,2021-10-14 15:21:19,fdf9d73,S64,6,16,16,32,,2000000,47008,47008,1M,1048576,1,,Pass,60,37.89,61.62
3633286,ior_hard,2021-10-14 15:47:39,2021-10-14 15:52:12,fdf9d73,EC_2P1GX,6,16,16,32,,2000000,47008,47008,2M,1048576,1,,Pass,60,14.61,54.54
3633291,ior_hard,2021-10-14 16:22:15,2021-10-14 16:26:43,fdf9d73,EC_2P1GX,6,16,12,32,,2000000,47008,47008,2M,1048576,1,,Pass,60,14.17,51.24
3633798,ior_hard,2021-10-14 19:49:23,2021-10-14 19:53:38,fdf9d73,EC_4P2GX,6,16,12,32,,2000000,47008,47008,4M,1048576,1,,Pass,60,7.40,49.61
3633801,ior_hard,2021-10-14 21:28:08,2021-10-14 21:32:18,fdf9d73,EC_4P2GX,6,16,16,32,,2000000,47008,47008,4M,1048576,1,,Pass,60,7.59,46.67
3633804,ior_hard,2021-10-14 21:59:34,2021-10-14 22:04:47,fdf9d73,S64,6,16,16,32,,2000000,47008,47008,1M,1048576,1,,Pass,60,37.35,61.22
3633829,ior_hard,2021-10-15 01:05:59,2021-10-15 01:11:24,fdf9d73,S64,6,16,12,32,,2000000,47008,47008,1M,1048576,1,,Pass,60,39.03,59.84
3632661,ior_hard,2021-10-14 10:57:44,2021-10-14 11:03:30,fdf9d73,SX,8,16,32,32,,2000000,47008,47008,1M,1048576,1,,Pass,60,67.48,83.13
3632680,ior_hard,2021-10-14 11:27:01,2021-10-14 11:32:47,fdf9d73,SX,8,16,16,32,,2000000,47008,47008,1M,1048576,1,,Pass,60,71.77,80.22
3632955,ior_hard,2021-10-14 13:20:25,2021-10-14 13:24:38,fdf9d73,RP_3GX,8,16,16,32,,2000000,47008,47008,1M,1048576,1,,Pass,60,11.20,71.34
3632965,ior_hard,2021-10-14 11:53:01,2021-10-14 11:57:35,fdf9d73,RP_2GX,8,16,32,32,,2000000,47008,47008,1M,1048576,1,,Pass,60,16.47,70.60
3632982,ior_hard,2021-10-14 14:36:40,2021-10-14 14:41:03,fdf9d73,RP_3GX,8,16,32,32,,2000000,47008,47008,1M,1048576,1,,Pass,60,12.49,65.21
3633004,ior_hard,2021-10-14 15:03:51,2021-10-14 15:08:14,fdf9d73,RP_2GX,8,16,16,32,,2000000,47008,47008,1M,1048576,1,,Pass,60,20.99,79.03
3634236,ior_hard,2021-10-15 04:47:58,2021-10-15 04:53:33,fdf9d73,S128,10,16,16,32,,2000000,47008,47008,1M,1048576,1,,Pass,60,75.44,96.85
3634262,ior_hard,2021-10-15 05:26:05,2021-10-15 05:30:05,fdf9d73,EC_8P2GX,10,16,16,32,,2000000,47008,47008,8M,1048576,1,,Pass,60,7.65,62.66
3633271,ior_hard,2021-10-14 15:23:25,2021-10-14 15:27:53,fdf9d73,EC_2P1GX,12,16,16,32,,2000000,47008,47008,2M,1048576,1,,Pass,60,24.27,90.34
3633272,ior_hard,2021-10-14 15:23:25,2021-10-14 15:28:54,fdf9d73,S128,12,16,16,32,,2000000,47008,47008,1M,1048576,1,,Pass,60,76.99,99.28
3633805,ior_hard,2021-10-15 01:36:09,2021-10-15 01:41:38,fdf9d73,S128,12,16,16,32,,2000000,47008,47008,1M,1048576,1,,Pass,60,77.70,101.83
3633814,ior_hard,2021-10-15 03:28:42,2021-10-15 03:32:55,fdf9d73,EC_4P2GX,12,16,16,32,,2000000,47008,47008,4M,1048576,1,,Pass,60,10.09,71.48
3632686,ior_hard,2021-10-14 11:27:01,2021-10-14 11:32:52,fdf9d73,SX,16,16,16,32,,2000000,47008,47008,1M,1048576,1,,Pass,60,95.36,113.20
3632962,ior_hard,2021-10-14 11:53:01,2021-10-14 11:57:22,fdf9d73,RP_3GX,16,16,16,32,,2000000,47008,47008,1M,1048576,1,,Pass,60,19.16,100.92
3632979,ior_hard,2021-10-14 14:14:52,2021-10-14 14:19:27,fdf9d73,RP_2GX,16,16,16,32,,2000000,47008,47008,1M,1048576,1,,Pass,60,42.18,110.26
3633275,ior_hard,2021-10-14 15:18:40,2021-10-14 15:24:24,fdf9d73,S192,18,16,16,32,,2000000,47008,47008,1M,1048576,1,,Pass,60,91.59,111.24
3633279,ior_hard,2021-10-14 15:25:46,2021-10-14 15:30:09,fdf9d73,EC_2P1GX,18,16,16,32,,2000000,47008,47008,2M,1048576,1,,Pass,60,31.06,103.05
3633787,ior_hard,2021-10-14 21:16:07,2021-10-14 21:20:20,fdf9d73,EC_4P2GX,18,16,16,32,,2000000,47008,47008,4M,1048576,1,,Pass,60,14.94,90.66
3633806,ior_hard,2021-10-15 03:55:26,2021-10-15 04:00:59,fdf9d73,S192,18,16,16,32,,2000000,47008,47008,1M,1048576,1,,Pass,60,93.85,114.96
3634231,ior_hard,2021-10-15 05:11:51,2021-10-15 05:18:10,fdf9d73,S256,18,16,16,32,,2000000,47008,47008,1M,1048576,1,,Pass,60,97.20,115.27
3634232,ior_hard,2021-10-15 05:11:51,2021-10-15 05:16:33,fdf9d73,EC_16P2GX,18,16,16,32,,2000000,47008,47008,16M,1048576,1,,Pass,60,7.66,73.35
3634233,ior_hard,2021-10-15 05:11:51,2021-10-15 05:16:38,fdf9d73,EC_8P2GX,20,16,16,32,,2000000,47008,47008,8M,1048576,1,,Pass,60,11.67,83.95
3634260,ior_hard,2021-10-15 05:38:21,2021-10-15 05:44:04,fdf9d73,S256,20,16,16,32,,2000000,47008,47008,1M,1048576,1,,Pass,60,96.00,116.24
3633267,ior_hard,2021-10-14 15:16:13,2021-10-14 15:20:13,fdf9d73,EC_2P1GX,24,16,16,32,,2000000,47008,47008,2M,1048576,1,read failed,Warning,60,33.05,0.00
3633287,ior_hard,2021-10-14 15:28:49,2021-10-14 15:34:24,fdf9d73,S256,24,16,16,32,,2000000,47008,47008,1M,1048576,1,,Pass,60,100.06,118.78
3633817,ior_hard,2021-10-15 04:33:02,2021-10-15 04:39:03,fdf9d73,S256,24,16,16,32,,2000000,47008,47008,1M,1048576,1,,Pass,60,92.44,119.30
3633828,ior_hard,2021-10-15 05:03:44,2021-10-15 05:08:08,fdf9d73,EC_4P2GX,24,16,16,32,,2000000,47008,47008,4M,1048576,1,,Pass,60,18.97,97.23
3634240,ior_hard,2021-10-15 05:14:00,2021-10-15 05:18:22,fdf9d73,EC_8P2GX,30,16,16,32,,2000000,47008,47008,8M,1048576,1,,Pass,60,18.98,91.80
3634249,ior_hard,2021-10-15 05:27:54,2021-10-15 05:33:37,fdf9d73,S384,30,16,16,32,,2000000,47008,47008,1M,1048576,1,,Pass,60,101.85,120.17
3632684,ior_hard,2021-10-14 11:31:40,2021-10-14 11:37:42,fdf9d73,SX,32,16,16,32,,2000000,47008,47008,1M,1048576,1,,Pass,60,96.39,116.95
3632975,ior_hard,2021-10-14 14:30:51,2021-10-14 14:35:14,fdf9d73,RP_3GX,32,16,16,32,,2000000,47008,47008,1M,1048576,1,,Pass,60,28.86,104.56
3641961,ior_hard,2021-10-15 18:27:53,2021-10-15 18:33:04,fdf9d73,RP_2GX,32,16,16,32,,2000000,47008,47008,1M,1048576,1,,Pass,60,57.91,111.57
3633822,ior_hard,2021-10-15 04:56:11,2021-10-15 05:00:36,fdf9d73,EC_4P2GX,36,16,16,32,,2000000,47008,47008,4M,1048576,1,,Pass,60,27.11,100.61
3633830,ior_hard,2021-10-15 05:03:44,2021-10-15 05:09:40,fdf9d73,S384,36,16,16,32,,2000000,47008,47008,1M,1048576,1,,Pass,60,102.34,119.88
3634230,ior_hard,2021-10-15 05:11:51,2021-10-15 05:18:18,fdf9d73,S512,36,16,16,32,,2000000,47008,47008,1M,1048576,1,,Pass,60,99.78,118.89
3634256,ior_hard,2021-10-15 05:34:55,2021-10-15 05:39:08,fdf9d73,EC_16P2GX,36,16,16,32,,2000000,47008,47008,16M,1048576,1,,Pass,60,14.36,79.21
3632693,ior_hard,2021-10-14 11:40:43,2021-10-14 11:46:40,fdf9d73,SX,64,16,16,32,,2000000,47008,47008,1M,1048576,1,,Pass,60,82.71,108.00
3641962,ior_hard,2021-10-16 03:34:46,2021-10-16 03:39:23,fdf9d73,RP_3GX,64,16,16,32,,2000000,47008,47008,1M,1048576,1,,Pass,60,51.49,106.31
3641963,ior_hard,2021-10-16 04:02:05,2021-10-16 04:06:10,fdf9d73,RP_2GX,64,16,16,32,,2000000,47008,47008,1M,1048576,1,read failed,Warning,60,64.87,0.00
